business_status,geometry,icon,icon_background_color,icon_mask_base_uri,name,opening_hours,photos,place_id,plus_code,price_level,rating,reference,scope,types,user_ratings_total,vicinity,permanently_closed,hex_id
OPERATIONAL,"{'location': {'lat': 24.930814, 'lng': 67.0993641}, 'viewport': {'northeast': {'lat': 24.9321283802915, 'lng': 67.10074838029152}, 'southwest': {'lat': 24.9294304197085, 'lng': 67.09805041970851}}}",https://maps.gstatic.com/mapfiles/place_api/icons/v1/png_71/restaurant-71.png,#FF9E67,https://maps.gstatic.com/mapfiles/place_api/icons/v2/restaurant_pinlet,Creamello Ice Cream - Gulshan,{'open_now': True},"[{'height': 3000, 'html_attributions': ['<a href=""https://maps.google.com/maps/contrib/115821493901351058851"">Assma Kashif</a>'], 'photo_reference': 'AUGGfZm2ftcYPbdWLgZ_xjmSVf1kUCqNiMfXmSBboVXwxsxSmRGiSjHYFk5wGplE_KgyJXjw2ppYaVBHYBh5uj2FH2sKpRYZTWTlPHdlFJEzr6qH90nWk3P4ZP240IEfELOrCAnJFev5i7L3yBuOKNZKDHFbNweQhBUbTbv86V3NgzqWhShx', 'width': 4000}]",ChIJVQbnzbU4sz4RWjmnUk_y7Ag,"{'compound_code': 'W3JX+8P Gulshan-e-Iqbal, Karachi, Pakistan', 'global_code': '7JP9W3JX+8P'}",2.0,4.4,ChIJVQbnzbU4sz4RWjmnUk_y7Ag,GOOGLE,"['cafe', 'food', 'point_of_interest', 'store', 'establishment']",1922.0,"next to DelFrio, Main Allama Shabbir Ahmed Usmani Road, Block 4 Gulshan-e-Iqbal, Karachi",,8642e442fffffff
OPERATIONAL,"{'location': {'lat': 24.9414642, 'lng': 67.0930027}, 'viewport': {'northeast': {'lat': 24.9427938802915, 'lng': 67.09431838029151}, 'southwest': {'lat': 24.9400959197085, 'lng': 67.09162041970849}}}",https://maps.gstatic.com/mapfiles/place_api/icons/v1/png_71/cafe-71.png,#FF9E67,https://maps.gstatic.com/mapfiles/place_api/icons/v2/cafe_pinlet,B 93 food,,,ChIJv3NeOAA_sz4R2xkihckSfX4,,,1.0,ChIJv3NeOAA_sz4R2xkihckSfX4,GOOGLE,"['cafe', 'food', 'point_of_interest', 'store', 'establishment']",1.0,"W3RV+H6J, Abbas Town Gulshan-e-Iqbal, Karachi",,8642e442fffffff
OPERATIONAL,"{'location': {'lat': 24.9438226, 'lng': 67.0953988}, 'viewport': {'northeast': {'lat': 24.9452043802915, 'lng': 67.09670418029151}, 'southwest': {'lat': 24.94250641970849, 'lng': 67.0940062197085}}}",https://maps.gstatic.com/mapfiles/place_api/icons/v1/png_71/cafe-71.png,#FF9E67,https://maps.gstatic.com/mapfiles/place_api/icons/v2/cafe_pinlet,Tooba Chanaar Chai Hotel,{'open_now': True},"[{'height': 3948, 'html_attributions': ['<a href=""https://maps.google.com/maps/contrib/101226728243382828521"">Hasan Sheikh</a>'], 'photo_reference': 'AUGGfZm8Mzf_DOm1Kof8xDBL2mOKs5fj9Zp7UwPWwouUnd2vMGHYs3I2_GmQMHil1CUGg8XB8d9bKxu7Ok9Cpbp5lNGQCQVVayd1FM8VCGB8_zSsDp92EsGTX_xTz_deqnhb8EVwCAPiBzphcgUYS6Q3VPsF85GaOGUYhlfWvUvimnZ5sH-k', 'width': 3120}]",ChIJOc_O_7s5sz4Re27Ktr2_eLo,"{'compound_code': 'W3VW+G5 Gulzar E Hijri Scheme 33, Karachi, Pakistan', 'global_code': '7JP9W3VW+G5'}",,3.6,ChIJOc_O_7s5sz4Re27Ktr2_eLo,GOOGLE,"['cafe', 'food', 'point_of_interest', 'establishment']",20.0,"A-40 Abbas Town Road, Block 4A Gulzar E Hijri Scheme 33, Karachi",,8642e442fffffff
OPERATIONAL,"{'location': {'lat': 24.9433558, 'lng': 67.0965436}, 'viewport': {'northeast': {'lat': 24.9446909802915, 'lng': 67.0978769802915}, 'southwest': {'lat': 24.94199301970849, 'lng': 67.0951790197085}}}",https://maps.gstatic.com/mapfiles/place_api/icons/v1/png_71/cafe-71.png,#FF9E67,https://maps.gstatic.com/mapfiles/place_api/icons/v2/cafe_pinlet,Quetta Chai,{'open_now': True},"[{'height': 872, 'html_attributions': ['<a href=""https://maps.google.com/maps/contrib/115244709123588302023"">Najeeb Tanha</a>'], 'photo_reference': 'AUGGfZkFjyhFxYkN_DR7vpHRJuwXtG6UWB8AOLdXVFLHQJwIZp-Zp-VmprBCkmlfUV3L8OK-BizN4EODTZYO7V1VKl8AmjXoaHSgnLncBEEmpl_WinxN_tJvc2bTY3Nj2_ybe1FAJGZQ9FB_KPIMiXodAjKWH_azSYnFMYZLMDmZk-Tn4ZKx', 'width': 392}]",ChIJNXDnfVQ5sz4R-sk4tdVEG84,,,4.0,ChIJNXDnfVQ5sz4R-sk4tdVEG84,GOOGLE,"['cafe', 'food', 'point_of_interest', 'establishment']",5.0,"W3VW+8JV, Unnamed Road, Gulzar E Hijri Scheme 33, Karachi",,8642e442fffffff
OPERATIONAL,"{'location': {'lat': 24.9441873, 'lng': 67.0956653}, 'viewport': {'northeast': {'lat': 24.94550893029151, 'lng': 67.0969831802915}, 'southwest': {'lat': 24.9428109697085, 'lng': 67.0942852197085}}}",https://maps.gstatic.com/mapfiles/place_api/icons/v1/png_71/cafe-71.png,#FF9E67,https://maps.gstatic.com/mapfiles/place_api/icons/v2/cafe_pinlet,Bismillah Hotel,,"[{'height': 3422, 'html_attributions': ['<a href=""https://maps.google.com/maps/contrib/101226728243382828521"">Hasan Sheikh</a>'], 'photo_reference': 'AUGGfZmriccyUMdmtCU0GVkb4qrJntRhjUlOYH6I_-tdwCiRrFdMIeFyyibsd6igxd5Uq26ypIDDvtg5QFa8H8Ba-CQuI_mXtgV4ZohIVJRZgBJXpJjCRRjqxzQ6XPwjqqq9QTJaF0iE0jKQH1-JC3QBPbHe8-j-5fQ4ZW6jl-r0fIqcDXaH', 'width': 2632}]",ChIJU7ymI0Y5sz4R2wZFESW8zdA,,,4.2,ChIJU7ymI0Y5sz4R2wZFESW8zdA,GOOGLE,"['cafe', 'food', 'point_of_interest', 'establishment']",10.0,"W3VW+M7F, Abul Hasan Isphahani Road, Gulzar E Hijri Scheme 33, Karachi",,8642e442fffffff
OPERATIONAL,"{'location': {'lat': 24.94298509999999, 'lng': 67.09729}, 'viewport': {'northeast': {'lat': 24.9443760802915, 'lng': 67.09859758029151}, 'southwest': {'lat': 24.9416781197085, 'lng': 67.0958996197085}}}",https://maps.gstatic.com/mapfiles/place_api/icons/v1/png_71/cafe-71.png,#FF9E67,https://maps.gstatic.com/mapfiles/place_api/icons/v2/cafe_pinlet,کوئٹہ چنار اچکزئی ہوٹل,,,ChIJIe_rXLw5sz4RhT8wkRuuHEE,,,4.0,ChIJIe_rXLw5sz4RhT8wkRuuHEE,GOOGLE,"['cafe', 'food', 'point_of_interest', 'establishment']",2.0,"W3VW+5WV, Moulana Yousuf Ludhianwi Shaheed Road, Block 1/1 Gulzar E Hijri Scheme 33, Karachi",,8642e442fffffff
OPERATIONAL,"{'location': {'lat': 24.9391352, 'lng': 67.09383609999999}, 'viewport': {'northeast': {'lat': 24.9404637802915, 'lng': 67.09515453029148}, 'southwest': {'lat': 24.93776581970849, 'lng': 67.09245656970847}}}",https://maps.gstatic.com/mapfiles/place_api/icons/v1/png_71/cafe-71.png,#FF9E67,https://maps.gstatic.com/mapfiles/place_api/icons/v2/cafe_pinlet,Quetta Aryana Hotel کوئٹہ آریانا ہوٹل,,"[{'height': 4160, 'html_attributions': ['<a href=""https://maps.google.com/maps/contrib/113481811776431795816"">Shahbaz Hamza</a>'], 'photo_reference': 'AUGGfZnnn9fDxbWfVZpI48x8IuTgz0XhuZJq4CX7IlbzPFWoaf83gKQ7FctEMWTTrWFXukMjUiVo4B6UHmnXaHvMwfVIDEhCGsPyXq8fVbiyYVmsTuFdwP19WsMRze1-8zrMiG_xgJY-9UX34noCRpLObwAyC0DJBxkbUsq3TNGonS_qCc5T', 'width': 3120}]",ChIJWQEB-dU_sz4RLjlPIO5P4p8,,,4.3,ChIJWQEB-dU_sz4RLjlPIO5P4p8,GOOGLE,"['cafe', 'food', 'point_of_interest', 'establishment']",28.0,"W3QV+MG4, Unnamed Road, Quaid e Azam Colony Gulshan-e-Iqbal, Karachi",,8642e442fffffff
OPERATIONAL,"{'location': {'lat': 24.94485259999999, 'lng': 67.095088}, 'viewport': {'northeast': {'lat': 24.9461607802915, 'lng': 67.09647953029152}, 'southwest': {'lat': 24.94346281970849, 'lng': 67.0937815697085}}}",https://maps.gstatic.com/mapfiles/place_api/icons/v1/png_71/cafe-71.png,#FF9E67,https://maps.gstatic.com/mapfiles/place_api/icons/v2/cafe_pinlet,VITAL CAFE,,"[{'height': 4080, 'html_attributions': ['<a href=""https://maps.google.com/maps/contrib/103504837363833790939"">Ammar Khalil</a>'], 'photo_reference': 'AUGGfZmLOmbmomsmdt3oLGWcreO3O1QzvtWvO3qyLESXAqjgKfreXUxLnILqHEjxo3afQjpU4JH7Xt9gS2TibO1_l9Apaqo9Wru36erPgKjOCQBLr-hDNEQsFhvQE2j4twUm4wFxNNhEW2Txl_jD9XYe47i8KByfesxafwcF9NV7RDkhXD8r', 'width': 3072}]",ChIJ5bECHxc5sz4RlRFTp1ykBN4,,,4.7,ChIJ5bECHxc5sz4RlRFTp1ykBN4,GOOGLE,"['cafe', 'food', 'point_of_interest', 'store', 'establishment']",3.0,"W3VW+W2W, Karachi",,8642e442fffffff
OPERATIONAL,"{'location': {'lat': 24.9414338, 'lng': 67.0986497}, 'viewport': {'northeast': {'lat': 24.9427453302915, 'lng': 67.0999585302915}, 'southwest': {'lat': 24.94004736970849, 'lng': 67.0972605697085}}}",https://maps.gstatic.com/mapfiles/place_api/icons/v1/png_71/cafe-71.png,#FF9E67,https://maps.gstatic.com/mapfiles/place_api/icons/v2/cafe_pinlet,New Rohaani Hotel,{'open_now': True},"[{'height': 4032, 'html_attributions': ['<a href=""https://maps.google.com/maps/contrib/106261800182024503721"">Saad Ahmed Qazi</a>'], 'photo_reference': 'AUGGfZkDqkFWpQ3KEyCw0HXbW50lkVhjEM8Y0GoHhU3l5Lkq2EujNq-pYOKHqvBmjdy3nOvp7ExFPerj45IkGzS2afKpYMeHW7ZeHjq_4RkMQx5mnX2QkOaITKrPy4zyM4wNhPMj3jCuAHMWLG7o5fB2vX3Q-uBBXILnF3-x4-BFiHg4r9AD', 'width': 3024}]",ChIJWXA8yK04sz4R_anjf9Qwzpc,,,4.2,ChIJWXA8yK04sz4R_anjf9Qwzpc,GOOGLE,"['cafe', 'food', 'point_of_interest', 'establishment']",9.0,"W3RX+HFC, Block 1/1 Metrovil Colony, Karachi",,8642e442fffffff
CLOSED_TEMPORARILY,"{'location': {'lat': 24.9458469, 'lng': 67.0937519}, 'viewport': {'northeast': {'lat': 24.9472399802915, 'lng': 67.0951561302915}, 'southwest': {'lat': 24.9445420197085, 'lng': 67.0924581697085}}}",https://maps.gstatic.com/mapfiles/place_api/icons/v1/png_71/cafe-71.png,#FF9E67,https://maps.gstatic.com/mapfiles/place_api/icons/v2/cafe_pinlet,Mashallah Juice And Ice- Cream Centre,,,ChIJJ8kyKWE_sz4RR9BwiuUwnOg,,,3.5,ChIJJ8kyKWE_sz4RR9BwiuUwnOg,GOOGLE,"['cafe', 'food', 'point_of_interest', 'establishment']",2.0,"W3WV+8GJ, Gulzar E Hijri Scheme 33, Karachi",True,8642e442fffffff
OPERATIONAL,"{'location': {'lat': 24.9459558, 'lng': 67.0936272}, 'viewport': {'northeast': {'lat': 24.9472534802915, 'lng': 67.0949195302915}, 'southwest': {'lat': 24.9445555197085, 'lng': 67.09222156970849}}}",https://maps.gstatic.com/mapfiles/place_api/icons/v1/png_71/cafe-71.png,#FF9E67,https://maps.gstatic.com/mapfiles/place_api/icons/v2/cafe_pinlet,نیو کوئٹہ ہوٹل,,"[{'height': 2684, 'html_attributions': ['<a href=""https://maps.google.com/maps/contrib/105179669636724003878"">ZASAMI _</a>'], 'photo_reference': 'AUGGfZkoRv86jhuAvzzqwui3H7E6c57pt4rPrRMFaefwiYEl0MI-zAyiGrk08nMozQWjto29VyUyKaQ984QHTiFlEqyx2APxDeeXc5LnW_3L6xS2HvIQo_oQoG55VT30IQshkmE7FqNy2Xl7bH3FoHBGYABLm_CL6cpf8048u3qHki_kgwz9', 'width': 2889}]",ChIJ4YxAf5k_sz4Rsbo_zb8gm9k,"{'compound_code': 'W3WV+9F Gulzar E Hijri Scheme 33, Karachi, Pakistan', 'global_code': '7JP9W3WV+9F'}",,4.8,ChIJ4YxAf5k_sz4Rsbo_zb8gm9k,GOOGLE,"['cafe', 'food', 'point_of_interest', 'establishment']",4.0,"Shop#19, A-One complex, Phase-2, ABUL HASSAN ISPHANI ROAD, Gulzar E Hijri Scheme 33, Karachi",,8642e442fffffff
OPERATIONAL,"{'location': {'lat': 24.9412019, 'lng': 67.09937520000001}, 'viewport': {'northeast': {'lat': 24.9425746302915, 'lng': 67.1007541302915}, 'southwest': {'lat': 24.9398766697085, 'lng': 67.09805616970849}}}",https://maps.gstatic.com/mapfiles/place_api/icons/v1/png_71/cafe-71.png,#FF9E67,https://maps.gstatic.com/mapfiles/place_api/icons/v2/cafe_pinlet,Qoueta Shakir Hotal,{'open_now': True},,ChIJX0r7XAA5sz4RMDf6qRAymNg,,,,ChIJX0r7XAA5sz4RMDf6qRAymNg,GOOGLE,"['cafe', 'food', 'point_of_interest', 'store', 'establishment']",,"W3RX+FQJ, Metrovil Colony, Karachi",,8642e442fffffff
OPERATIONAL,"{'location': {'lat': 24.9401489, 'lng': 67.0993914}, 'viewport': {'northeast': {'lat': 24.9414859802915, 'lng': 67.10075103029149}, 'southwest': {'lat': 24.9387880197085, 'lng': 67.09805306970848}}}",https://maps.gstatic.com/mapfiles/place_api/icons/v1/png_71/cafe-71.png,#FF9E67,https://maps.gstatic.com/mapfiles/place_api/icons/v2/cafe_pinlet,Manu's Den,,"[{'height': 720, 'html_attributions': ['<a href=""https://maps.google.com/maps/contrib/109472208522437278062"">Umair Rajput</a>'], 'photo_reference': 'AUGGfZkBOYe7UllsyDabyBP67lydlO2bd4jdz6H2R3w7MGZo4O4Jn77Uj1AfdZZpqLP_zd3vh5EVio3Uxhtm1bEnQCW-EMJeBeKWN1LwPnsgrymEWGH1nOweBNpnlh0D0lPJ1qQQEfZwiAFzKLvnpUcU37uot8mEC1MXjrJ4zm7p9aibH--m', 'width': 720}]",ChIJXyL3plI5sz4RLCxgaTFOSAc,"{'compound_code': 'W3RX+3Q Gulshan-e-Iqbal, Karachi, Pakistan', 'global_code': '7JP9W3RX+3Q'}",,5.0,ChIJXyL3plI5sz4RLCxgaTFOSAc,GOOGLE,"['cafe', 'food', 'point_of_interest', 'establishment']",3.0,"Shop number, Usman Arcade, behind meezan bank, 16 street 23, Block 4A Journalists Society Block 4 A Gulshan-e-Iqbal, Karachi",,8642e442fffffff
OPERATIONAL,"{'location': {'lat': 24.93754849999999, 'lng': 67.0920477}, 'viewport': {'northeast': {'lat': 24.9389176302915, 'lng': 67.09338288029153}, 'southwest': {'lat': 24.9362196697085, 'lng': 67.09068491970851}}}",https://maps.gstatic.com/mapfiles/place_api/icons/v1/png_71/cafe-71.png,#FF9E67,https://maps.gstatic.com/mapfiles/place_api/icons/v2/cafe_pinlet,Quetta Sheheryar Hotel,{'open_now': True},"[{'height': 1080, 'html_attributions': ['<a href=""https://maps.google.com/maps/contrib/114656137192828268472"">Mubassl Abid</a>'], 'photo_reference': 'AUGGfZmRJDSJm2-iEP8GwNyjgjeKLSlIb7i7rAzNoXTZCVAaEQ8BWm2fwA7wPbkc4dsab3_Y1IwZo_Tb_BOi-LUxfv-ifNcZ3arVvEr5yVFZ5abswU0DwoWJvPPwqcGqaXFUxKdltcZ67x_2aLIH-hp69YxeVTHIIrqmYzNYMjaOu18VEK7R', 'width': 1920}]",ChIJZQQ_i4g_sz4RZ_EnWs8qko0,,,4.3,ChIJZQQ_i4g_sz4RZ_EnWs8qko0,GOOGLE,"['cafe', 'food', 'point_of_interest', 'store', 'establishment']",29.0,"W3QR+2R7, Arshad Sabri Road, Quaid e Azam Colony Gulshan-e-Iqbal, Karachi",,8642e442fffffff
OPERATIONAL,"{'location': {'lat': 24.9374052, 'lng': 67.09213059999999}, 'viewport': {'northeast': {'lat': 24.9387513302915, 'lng': 67.0934823302915}, 'southwest': {'lat': 24.9360533697085, 'lng': 67.09078436970849}}}",https://maps.gstatic.com/mapfiles/place_api/icons/v1/png_71/cafe-71.png,#FF9E67,https://maps.gstatic.com/mapfiles/place_api/icons/v2/cafe_pinlet,New Quetta Masha'ALLAH Abdul Wahab Cafe,{'open_now': True},"[{'height': 4608, 'html_attributions': ['<a href=""https://maps.google.com/maps/contrib/103710341891001678832"">Shamrez Khan</a>'], 'photo_reference': 'AUGGfZlJO4kiEBCeoPNkRok2lqsRWvgN4RptE7APAWQwhEc27VytBiDzC5t5DxS-51HRyy-LVjHg68J13B2KlZqzMPFHsoAxUdkOlDg8EhD72vIq5zzcXGYn7FeN9s_Ub_XnzrGZt7xMtwoKc0OOHAoayXcvruH_45DiIm64sN0ZU-rX3p9q', 'width': 2076}]",ChIJVXl2Vq8_sz4RDp8GKS8zz6I,,,4.1,ChIJVXl2Vq8_sz4RDp8GKS8zz6I,GOOGLE,"['cafe', 'food', 'point_of_interest', 'store', 'establishment']",7.0,"W3QR+2R2, Arshad Sabri Road, Block 4A Quaid e Azam Colony Gulshan-e-Iqbal, Karachi",,8642e442fffffff
OPERATIONAL,"{'location': {'lat': 24.9401211, 'lng': 67.1000914}, 'viewport': {'northeast': {'lat': 24.94142443029151, 'lng': 67.1013866302915}, 'southwest': {'lat': 24.9387264697085, 'lng': 67.09868866970848}}}",https://maps.gstatic.com/mapfiles/place_api/icons/v1/png_71/cafe-71.png,#FF9E67,https://maps.gstatic.com/mapfiles/place_api/icons/v2/cafe_pinlet,Quetta Chai,,"[{'height': 2448, 'html_attributions': ['<a href=""https://maps.google.com/maps/contrib/103663006338831068202"">Dr. Taha Shabbir</a>'], 'photo_reference': 'AUGGfZkGPSKXGPpu6GUQZ0EsZa7vyGmhEE1oe61ScR9WRRuJnhrhJYMZ7voi5yWmvzLYOGEJTUdT_pwUrCUHQZhpI732OoO4gAIHtrXFOi6LLC55EpQ4KtcW2AgswZYZ8e79-Bk-arOxQ_oCzgujUWjQk3R8BRzTtOLYNm4UO0842nfapTSJ', 'width': 2448}]",ChIJIztl94Y5sz4R9s7UvZfePg0,,,,ChIJIztl94Y5sz4R9s7UvZfePg0,GOOGLE,"['cafe', 'food', 'point_of_interest', 'establishment']",,"W4R2+22W, Block 1/2 Metrovil Colony, Karachi",,8642e442fffffff
OPERATIONAL,"{'location': {'lat': 24.9467605, 'lng': 67.09219759999999}, 'viewport': {'northeast': {'lat': 24.9481490302915, 'lng': 67.0935904302915}, 'southwest': {'lat': 24.9454510697085, 'lng': 67.09089246970849}}}",https://maps.gstatic.com/mapfiles/place_api/icons/v1/png_71/cafe-71.png,#FF9E67,https://maps.gstatic.com/mapfiles/place_api/icons/v2/cafe_pinlet,New Quetta Lucky Star Hotel,,"[{'height': 3120, 'html_attributions': ['<a href=""https://maps.google.com/maps/contrib/100042256469529711162"">Khan Ji</a>'], 'photo_reference': 'AUGGfZln8_pypwzJaJYxOQmtlkfFSkjAo8G_EGO1OiTTYYXClHTA6WIHNdSLEoJpdwb736OytCGzTvCU7oxp949kAuz9CYo9eGhSanO9ikCwZNoiKl_6MgsDBC6K8zPi5eLsU6jF9brxT1DwrLP-vzksXlLsSTROJTCfoQHYJ8qX2nUE4-Qb', 'width': 4160}]",ChIJSw3oIuc_sz4RkpodrAOM9to,,,3.6,ChIJSw3oIuc_sz4RkpodrAOM9to,GOOGLE,"['cafe', 'food', 'point_of_interest', 'establishment']",5.0,"W3WR+PV4, Abul Hasan Isphahani Road, Gulzar E Hijri Scheme 33, Karachi",,8642e442fffffff
OPERATIONAL,"{'location': {'lat': 24.9362653, 'lng': 67.093076}, 'viewport': {'northeast': {'lat': 24.9376489302915, 'lng': 67.0943945802915}, 'southwest': {'lat': 24.9349509697085, 'lng': 67.0916966197085}}}",https://maps.gstatic.com/mapfiles/place_api/icons/v1/png_71/cafe-71.png,#FF9E67,https://maps.gstatic.com/mapfiles/place_api/icons/v2/cafe_pinlet,QUETTA BABA WALI HOTEL,{'open_now': True},"[{'height': 4608, 'html_attributions': ['<a href=""https://maps.google.com/maps/contrib/112155464728076666586"">taj muhammad</a>'], 'photo_reference': 'AUGGfZkWd4G0RtzEveZZEGjV8A9mQ9hSCMRWlXRSIodwWn982ifMYi8IPYlw0xvjIAMyfYfBNKYou-YB15sTkOpGcMIrhGArCPQcSs0OyGKkF6fDUunOnESOhj0bLdTf5cAzmrazFxOwCbCjTIBR524MtUF__XnioCoiRWKIBtcMUdFOlRy6', 'width': 2592}]",ChIJF_Xz3WY_sz4RgQA-SpOqu30,,,4.1,ChIJF_Xz3WY_sz4RgQA-SpOqu30,GOOGLE,"['cafe', 'food', 'point_of_interest', 'store', 'establishment']",97.0,"W3PV+G64, Haji Lemo Goth Gulshan-e-Iqbal, Karachi",,8642e442fffffff
OPERATIONAL,"{'location': {'lat': 24.93938990000001, 'lng': 67.1014946}, 'viewport': {'northeast': {'lat': 24.9408475302915, 'lng': 67.10274033029148}, 'southwest': {'lat': 24.9381495697085, 'lng': 67.10004236970848}}}",https://maps.gstatic.com/mapfiles/place_api/icons/v1/png_71/cafe-71.png,#FF9E67,https://maps.gstatic.com/mapfiles/place_api/icons/v2/cafe_pinlet,Cafistan cafe,,,ChIJ3zpIUwA5sz4RMqd3jGFfTss,,,5.0,ChIJ3zpIUwA5sz4RMqd3jGFfTss,GOOGLE,"['cafe', 'food', 'point_of_interest', 'store', 'establishment']",5.0,"W4Q2+JH6, Abul Hasan Isphahani Road, Commissioner Society, Karachi",,8642e442fffffff
OPERATIONAL,"{'location': {'lat': 24.9422443, 'lng': 67.1021312}, 'viewport': {'northeast': {'lat': 24.9436091302915, 'lng': 67.10349898029149}, 'southwest': {'lat': 24.9409111697085, 'lng': 67.10080101970848}}}",https://maps.gstatic.com/mapfiles/place_api/icons/v1/png_71/cafe-71.png,#FF9E67,https://maps.gstatic.com/mapfiles/place_api/icons/v2/cafe_pinlet,Quetta Marhaba Hotel,{'open_now': True},"[{'height': 5504, 'html_attributions': ['<a href=""https://maps.google.com/maps/contrib/110120234066209984962"">Ayaz Burki</a>'], 'photo_reference': 'AUGGfZmlWYEaAPsjdsH1ljccEUd93T3_RJAOOMQLk6cqd4SZIbj5lN4_0NnvdzBudxdFZEiQKgiGg4F59nkOTsB7XXqxkU94WjU7g1EDKxHaSaHMQGHGpuPZkd3cd_HeDPvXnqXb2MO0XMRF3jpVUXTZ1wQcr8QyUAnav5ToHSegaLkw8jy-', 'width': 3096}]",ChIJ64szGgA5sz4R7RodUCqguAo,"{'compound_code': 'W4R2+VV Metrovil Colony, Karachi, Pakistan', 'global_code': '7JP9W4R2+VV'}",,5.0,ChIJ64szGgA5sz4R7RodUCqguAo,GOOGLE,"['cafe', 'food', 'point_of_interest', 'store', 'establishment']",1.0,"Plot CB 190, Gulzar-e-Hijri Block 2/2 Metrovil Colony, Karachi",,8642e442fffffff
OPERATIONAL,"{'location': {'lat': 24.9494283, 'lng': 67.0973793}, 'viewport': {'northeast': {'lat': 24.9507967802915, 'lng': 67.0987218302915}, 'southwest': {'lat': 24.9480988197085, 'lng': 67.09602386970847}}}",https://maps.gstatic.com/mapfiles/place_api/icons/v1/png_71/cafe-71.png,#FF9E67,https://maps.gstatic.com/mapfiles/place_api/icons/v2/cafe_pinlet,New quetta hotal,{'open_now': True},,ChIJt849Y-45sz4RHExtdLLH6lg,,,5.0,ChIJt849Y-45sz4RHExtdLLH6lg,GOOGLE,"['cafe', 'store', 'food', 'point_of_interest', 'establishment']",1.0,"W3XW+QXC, Unnamed Road, Karachi",,8642e442fffffff
OPERATIONAL,"{'location': {'lat': 24.9484367, 'lng': 67.0893032}, 'viewport': {'northeast': {'lat': 24.9497843802915, 'lng': 67.09072098029151}, 'southwest': {'lat': 24.9470864197085, 'lng': 67.08802301970849}}}",https://maps.gstatic.com/mapfiles/place_api/icons/v1/png_71/cafe-71.png,#FF9E67,https://maps.gstatic.com/mapfiles/place_api/icons/v2/cafe_pinlet,New Cafe Peyala نیو کیفے پیالا,{'open_now': True},"[{'height': 5312, 'html_attributions': ['<a href=""https://maps.google.com/maps/contrib/105826954835530923586"">Sameer khan</a>'], 'photo_reference': 'AUGGfZl29HWZT9cak_igl6Vd0HQaXCz3czaNRLZ07Y-lnVLMXQEbB4mhoLBWUCgLl0YYGfCgUnKKIaGLTPvM2zS7owP3KsnWEreKClohnmoSeF_ouL2d5_xbS8WJ0KKkImgls2TmM7fbno0M3Ar_iU3J1CkCU8cHphd_cGljVc9iTdwQcAoU', 'width': 2988}]",ChIJz8fhq_A_sz4RiwH5s0vrIj4,,,5.0,ChIJz8fhq_A_sz4RiwH5s0vrIj4,GOOGLE,"['cafe', 'food', 'point_of_interest', 'establishment']",2.0,"W3XQ+9PF, Gulzar E Hijri Scheme 33, Karachi",,8642e442fffffff
CLOSED_TEMPORARILY,"{'location': {'lat': 24.9445843, 'lng': 67.08605399999999}, 'viewport': {'northeast': {'lat': 24.9459979302915, 'lng': 67.0875091302915}, 'southwest': {'lat': 24.94329996970849, 'lng': 67.08481116970849}}}",https://maps.gstatic.com/mapfiles/place_api/icons/v1/png_71/cafe-71.png,#FF9E67,https://maps.gstatic.com/mapfiles/place_api/icons/v2/cafe_pinlet,Quetta Ameer Muhammad Durani Hotel,,"[{'height': 1920, 'html_attributions': ['<a href=""https://maps.google.com/maps/contrib/109369160639444246434"">Natural punjab</a>'], 'photo_reference': 'AUGGfZn13v3b94FSnFZGM54mkrpKeBmyHpnJErgN832Rbkdvl63dIanjo-n-Bi-4SKR80Fap0ESBKWjEt6qmoZ_eNbzhIZsq2AKqbznKnBmSsCXLrWRPDpNc0uFeHj7Ur8G9x-ilh2dIB4vmXPMnNFKH_qKPBUweZqQk7uxjieT1kvx458ae', 'width': 1080}]",ChIJl_qtbhs_sz4Rin5FkscmX3w,"{'compound_code': 'W3VP+RC Gulberg Town, Karachi, Pakistan', 'global_code': '7JP9W3VP+RC'}",,4.5,ChIJl_qtbhs_sz4Rin5FkscmX3w,GOOGLE,"['cafe', 'store', 'food', 'point_of_interest', 'establishment']",2.0,"Plot Street 4, FB Indus-Area Block 21 Block 21 Gulberg Town, Karachi",True,8642e442fffffff
OPERATIONAL,"{'location': {'lat': 24.9471895, 'lng': 67.101934}, 'viewport': {'northeast': {'lat': 24.9484948802915, 'lng': 67.1033254302915}, 'southwest': {'lat': 24.9457969197085, 'lng': 67.1006274697085}}}",https://maps.gstatic.com/mapfiles/place_api/icons/v1/png_71/restaurant-71.png,#FF9E67,https://maps.gstatic.com/mapfiles/place_api/icons/v2/restaurant_pinlet,Gupshap Chai,{'open_now': False},"[{'height': 2341, 'html_attributions': ['<a href=""https://maps.google.com/maps/contrib/100382974548270684860"">Gupshap Chai</a>'], 'photo_reference': 'AUGGfZk4MXHRospbFXw6l-7R2QnIG8ntsy02446HlX0UDp4AG2kBhMq7qjsDb_6lN6Aa_I50F8Gr5QbV3X6CPjBlfZC7Qb0S-JfPychqyPn6EJr5hKh1pb9lIa60ozFLde5VfoH-IrJ5vYn0XeV0WRU_iJOfP1vRmiH00GHWVoFoEHWA7cac', 'width': 4160}]",ChIJVxBn-CE5sz4RZLCvv6RgrJ0,,,3.9,ChIJVxBn-CE5sz4RZLCvv6RgrJ0,GOOGLE,"['restaurant', 'cafe', 'food', 'point_of_interest', 'establishment']",11.0,"W4W2+VQ2, Metroville, Gulzar E Hijri Scheme 33, Karachi",,8642e442fffffff
OPERATIONAL,"{'location': {'lat': 24.941729, 'lng': 67.085128}, 'viewport': {'northeast': {'lat': 24.9430716302915, 'lng': 67.0864267802915}, 'southwest': {'lat': 24.9403736697085, 'lng': 67.08372881970848}}}",https://maps.gstatic.com/mapfiles/place_api/icons/v1/png_71/cafe-71.png,#FF9E67,https://maps.gstatic.com/mapfiles/place_api/icons/v2/cafe_pinlet,New Quetta arbar Hotel,{'open_now': True},,ChIJNbq4DKs_sz4RMwxHEWUyqmo,,,,ChIJNbq4DKs_sz4RMwxHEWUyqmo,GOOGLE,"['cafe', 'food', 'point_of_interest', 'establishment']",,"W3RP+M3R, FB Indus-Area Block 21 Block 21 Gulberg Town, Karachi",,8642e442fffffff
OPERATIONAL,"{'location': {'lat': 24.9331465, 'lng': 67.09432389999999}, 'viewport': {'northeast': {'lat': 24.9345072302915, 'lng': 67.0956611802915}, 'southwest': {'lat': 24.93180926970849, 'lng': 67.0929632197085}}}",https://maps.gstatic.com/mapfiles/place_api/icons/v1/png_71/cafe-71.png,#FF9E67,https://maps.gstatic.com/mapfiles/place_api/icons/v2/cafe_pinlet,Quetta Hotel,{'open_now': False},"[{'height': 1080, 'html_attributions': ['<a href=""https://maps.google.com/maps/contrib/113928148604793914378"">Izhar Kakar</a>'], 'photo_reference': 'AUGGfZkd9BUGV1vYBi_av_ydDaklQuxVX2-PDhBnC1Uu8sS0KBYcWVIQzMsQ6KWKuZqD3exs37iQGVwimaG7rQrkC2dgnQHd20jz4q5FW2xmGfDg2XDAyK16dDaoac1nmYZWSm23tzZQiTdXZrHLq5ZE5S-W8h5D0jSTCLqVljt5c3as2gUW', 'width': 1920}]",ChIJj19XVLM4sz4Ru20qh3SVAiY,"{'compound_code': 'W3MV+7P Gulshan-e-Iqbal, Karachi, Pakistan', 'global_code': '7JP9W3MV+7P'}",,3.9,ChIJj19XVLM4sz4Ru20qh3SVAiY,GOOGLE,"['cafe', 'food', 'point_of_interest', 'establishment']",14.0,"Block-4 toBlock-7 Gulshan Iqbal, Block-4 toBlock-7 Gulshan Iqbal Olympian Islahuddin Road, Block 4 Gulshan-e-Iqbal, Karachi",,8642e442fffffff
OPERATIONAL,"{'location': {'lat': 24.9331329, 'lng': 67.0950944}, 'viewport': {'northeast': {'lat': 24.9345339802915, 'lng': 67.09639353029151}, 'southwest': {'lat': 24.9318360197085, 'lng': 67.09369556970849}}}",https://maps.gstatic.com/mapfiles/place_api/icons/v1/png_71/cafe-71.png,#FF9E67,https://maps.gstatic.com/mapfiles/place_api/icons/v2/cafe_pinlet,Dilpasand Irani chips,,"[{'height': 2250, 'html_attributions': ['<a href=""https://maps.google.com/maps/contrib/103852081278273863972"">RA Swan</a>'], 'photo_reference': 'AUGGfZnYzav1eoNyQ5slkRUdWTk7e8dgSLdd7JvadriRLPWMMG0eD8cnIFrWJOpDTjmgYw-RLroEsS5HnMIevImLNUwJUp-Yh5rPImV9YglWSlXq5KS10_JMs3M2l8JyQ0qeVczvRhadSKH3uh6L-5DTFSC-EaEeKQ4vHSfWgLaeFgg0A1qD', 'width': 4000}]",ChIJ2_BbCi45sz4RL4ndH5gPUG4,"{'compound_code': 'W3MW+72 Gulshan-e-Iqbal, Karachi, Pakistan', 'global_code': '7JP9W3MW+72'}",,4.0,ChIJ2_BbCi45sz4RL4ndH5gPUG4,GOOGLE,"['cafe', 'food', 'point_of_interest', 'establishment']",1.0,"51, Block 4 Gulshan-e-Iqbal, Karachi",,8642e442fffffff
OPERATIONAL,"{'location': {'lat': 24.9330536, 'lng': 67.09501399999999}, 'viewport': {'northeast': {'lat': 24.9343516802915, 'lng': 67.09641123029151}, 'southwest': {'lat': 24.9316537197085, 'lng': 67.09371326970849}}}",https://maps.gstatic.com/mapfiles/place_api/icons/v1/png_71/cafe-71.png,#FF9E67,https://maps.gstatic.com/mapfiles/place_api/icons/v2/cafe_pinlet,QUETTA HASHMI DARBAR CAFE,,"[{'height': 4624, 'html_attributions': ['<a href=""https://maps.google.com/maps/contrib/108448081057518114508"">Anza Khawaja</a>'], 'photo_reference': 'AUGGfZnY7HimuIBi3VtYBbqodOkQ_hkrFTNh2U_SrkFzQ9F42PIU2QUJXzGKnZ6fey5FBClPfNyYRhcDxNQQCIS1UT5Vu4V_92ZrOTZDGXC7TL5o8Z3GGaU6WxZSOXZ4WZ6UOrfuKO0CU38AwsIB3Gh7j-g9QxGoTqdRFdPIYHnepvyVVuZY', 'width': 3472}]",ChIJ3ZwS6Vg5sz4RgcKask0_6FI,,,5.0,ChIJ3ZwS6Vg5sz4RgcKask0_6FI,GOOGLE,"['cafe', 'store', 'food', 'point_of_interest', 'establishment']",2.0,"W3MW+626, Block 4 Gulshan-e-Iqbal, Karachi",,8642e442fffffff
OPERATIONAL,"{'location': {'lat': 24.9498949, 'lng': 67.0992866}, 'viewport': {'northeast': {'lat': 24.9512379802915, 'lng': 67.10065928029151}, 'southwest': {'lat': 24.9485400197085, 'lng': 67.09796131970849}}}",https://maps.gstatic.com/mapfiles/place_api/icons/v1/png_71/cafe-71.png,#FF9E67,https://maps.gstatic.com/mapfiles/place_api/icons/v2/cafe_pinlet,Junaid General store,,,ChIJM1zhHQA5sz4RCxun-KFo_8g,,,,ChIJM1zhHQA5sz4RCxun-KFo_8g,GOOGLE,"['cafe', 'store', 'food', 'point_of_interest', 'establishment']",,"W3XX+XP3, Sikandar Goth Gulzar E Hijri Scheme 33, Karachi",,8642e442fffffff
OPERATIONAL,"{'location': {'lat': 24.9505451, 'lng': 67.09119969999999}, 'viewport': {'northeast': {'lat': 24.95180578029151, 'lng': 67.0924328302915}, 'southwest': {'lat': 24.9491078197085, 'lng': 67.0897348697085}}}",https://maps.gstatic.com/mapfiles/place_api/icons/v1/png_71/cafe-71.png,#FF9E67,https://maps.gstatic.com/mapfiles/place_api/icons/v2/cafe_pinlet,دی خان چائے والا - کوئیٹہ دربار ہوٹل,,"[{'height': 3000, 'html_attributions': ['<a href=""https://maps.google.com/maps/contrib/111777026610409007618"">Irfan Mughal</a>'], 'photo_reference': 'AUGGfZnWkWLvrARFJUXpOZ-IlqoZWCOCm4LBNi-NlsUHwLNhH35D-wQ5NFCUXovKV2yRncYzwGyHtcPfQU0kzXJnoxC_BzqKHzR3YklwKBIe9DLIHU-dAzwoLqsRzBGtoyUZJ6qve-H8T8-_Yqp_qutCE3HUr-JLkOtkCwrD0-m-wmxexrTy', 'width': 4000}]",ChIJ7ysODIBBsz4RKizEIWeFKRc,,,1.0,ChIJ7ysODIBBsz4RKizEIWeFKRc,GOOGLE,"['cafe', 'store', 'food', 'point_of_interest', 'establishment']",1.0,"X32R+6FG, Gulzar E Hijri Scheme 33, Karachi",,8642e442fffffff
OPERATIONAL,"{'location': {'lat': 24.9461465, 'lng': 67.0836813}, 'viewport': {'northeast': {'lat': 24.9475369302915, 'lng': 67.0850221302915}, 'southwest': {'lat': 24.9448389697085, 'lng': 67.0823241697085}}}",https://maps.gstatic.com/mapfiles/place_api/icons/v1/png_71/cafe-71.png,#FF9E67,https://maps.gstatic.com/mapfiles/place_api/icons/v2/cafe_pinlet,Quetta Shaheen Hotel,,"[{'height': 3890, 'html_attributions': ['<a href=""https://maps.google.com/maps/contrib/101226728243382828521"">Hasan Sheikh</a>'], 'photo_reference': 'AUGGfZkqhtB8Gp1SdT-0Le_CTEnkH5l4ZAhTL6JX_C7Te0oIO28becpES5hNtBsabT8g8vmHAPdV2q00TQkDnoN8lXvY_plNH3cOhcnTPvHhyaVzFJJXRorCggOlRe0f6rZjmkeKBpfq5BLT8WMa5Sf3M8jgr786KXRQr2JYWuEegyS9Rtk5', 'width': 3120}]",ChIJdxASY1o_sz4RkpmoG8yzmI4,"{'compound_code': 'W3WM+FF Gulberg Town, Karachi, Pakistan', 'global_code': '7JP9W3WM+FF'}",,4.7,ChIJdxASY1o_sz4RkpmoG8yzmI4,GOOGLE,"['cafe', 'food', 'point_of_interest', 'establishment']",6.0,"R 1, FB Area Block 22 Block 22 Gulberg Town, Karachi",,8642e442fffffff
OPERATIONAL,"{'location': {'lat': 24.94413249999999, 'lng': 67.1064396}, 'viewport': {'northeast': {'lat': 24.9454100802915, 'lng': 67.1077987302915}, 'southwest': {'lat': 24.9427121197085, 'lng': 67.1051007697085}}}",https://maps.gstatic.com/mapfiles/place_api/icons/v1/png_71/cafe-71.png,#FF9E67,https://maps.gstatic.com/mapfiles/place_api/icons/v2/cafe_pinlet,Chai Hotel,{'open_now': True},,ChIJ46vpMcw5sz4RNbndrw3t3mI,,,4.4,ChIJ46vpMcw5sz4RNbndrw3t3mI,GOOGLE,"['cafe', 'food', 'point_of_interest', 'establishment']",36.0,"W4V4+MH4, Gulzar-e-Hijri Block 3/2 Metrovil Colony, Karachi",,8642e442fffffff
OPERATIONAL,"{'location': {'lat': 24.9323157, 'lng': 67.101092}, 'viewport': {'northeast': {'lat': 24.93362013029151, 'lng': 67.1023833802915}, 'southwest': {'lat': 24.9309221697085, 'lng': 67.09968541970849}}}",https://maps.gstatic.com/mapfiles/place_api/icons/v1/png_71/cafe-71.png,#FF9E67,https://maps.gstatic.com/mapfiles/place_api/icons/v2/cafe_pinlet,Agha Tea,{'open_now': True},"[{'height': 1080, 'html_attributions': ['<a href=""https://maps.google.com/maps/contrib/104315380668054874913"">Subhan Z. Ghanvi</a>'], 'photo_reference': 'AUGGfZlgQoTS93STshioWDQdKIoe2ExDwleF2DPSO9LTPxepyN1kXaEm6d34rWjB-CQQ8XLSAeTZ0o02V_ZLM0MC14PbXhHybemNq8yD_6zgsX4LQha4xsnHjRH3YJUEHhgT24Pp_IFtegEzFODdIByrxx0M5r3gmGVtfMwMKXxIC3KvlN2Y', 'width': 1920}]",ChIJBdpnbIc5sz4RapnyBNZfAc0,,,4.0,ChIJBdpnbIc5sz4RapnyBNZfAc0,GOOGLE,"['cafe', 'food', 'point_of_interest', 'establishment']",1.0,"W4J2+XF2, Block 4 Gulshan-e-Iqbal, Karachi",,8642e442fffffff
OPERATIONAL,"{'location': {'lat': 24.9327303, 'lng': 67.10186039999999}, 'viewport': {'northeast': {'lat': 24.9340316802915, 'lng': 67.10325208029151}, 'southwest': {'lat': 24.9313337197085, 'lng': 67.10055411970849}}}",https://maps.gstatic.com/mapfiles/place_api/icons/v1/png_71/shopping-71.png,#4B96F3,https://maps.gstatic.com/mapfiles/place_api/icons/v2/shopping_pinlet,Lush Crush,{'open_now': True},"[{'height': 3120, 'html_attributions': ['<a href=""https://maps.google.com/maps/contrib/117630263014010514047"">Rameez Ul Haq</a>'], 'photo_reference': 'AUGGfZmvwH-RzY849WN7dWaN-LNi8acF4jchEv1hhQqga-efp9xYlC03ioCUG8L-yRqDnbjB0qDsO0qyS0WzDaJQkc_V5ouTYAIxFEvO2zE7KpvWJlo9x123ZSGU-VekcvUGvxNCXcnl1RS-WWWn6s2KHFHJ4Ni3P_gjfComraxfREegkFBU', 'width': 4160}]",ChIJGy8Ow0M5sz4RYIJXLzOhL3o,,,4.2,ChIJGy8Ow0M5sz4RYIJXLzOhL3o,GOOGLE,"['cafe', 'store', 'food', 'point_of_interest', 'establishment']",358.0,"W4M2+3PX, Block 4 Gulshan-e-Iqbal, Karachi",,8642e442fffffff
OPERATIONAL,"{'location': {'lat': 24.9360281, 'lng': 67.0841097}, 'viewport': {'northeast': {'lat': 24.9373556302915, 'lng': 67.08546078029151}, 'southwest': {'lat': 24.9346576697085, 'lng': 67.0827628197085}}}",https://maps.gstatic.com/mapfiles/place_api/icons/v1/png_71/cafe-71.png,#FF9E67,https://maps.gstatic.com/mapfiles/place_api/icons/v2/cafe_pinlet,New queta shah jee hotel,{'open_now': True},"[{'height': 1920, 'html_attributions': ['<a href=""https://maps.google.com/maps/contrib/116705298173364281428"">Muhammad Akram</a>'], 'photo_reference': 'AUGGfZmbZjelvI1x49Vqi3p8l8lZ5CJSky-GdRXe7-C7wg074plneotPjeqNe1Enbw3ZLdXjClD7hhn0ZffvEn0IxFSe3OKHWZ7NYwOsUwAJaM7BM_qdjSDYpuL95f_d8NQXf2TdKHOdTe05J9tbV0qvz0UzvvXLbJvbn9eFodHjIDFacLbx', 'width': 1080}]",ChIJswvMG50_sz4RrSA4o_N9rNI,"{'compound_code': 'W3PM+CJ Gulberg Town, Karachi, Pakistan', 'global_code': '7JP9W3PM+CJ'}",,4.5,ChIJswvMG50_sz4RrSA4o_N9rNI,GOOGLE,"['cafe', 'store', 'food', 'point_of_interest', 'establishment']",2.0,"Federal B Area Block 16 Gulberg Town, Karachi",,8642e442fffffff
OPERATIONAL,"{'location': {'lat': 24.9326922, 'lng': 67.08744829999999}, 'viewport': {'northeast': {'lat': 24.9340762302915, 'lng': 67.0892380302915}, 'southwest': {'lat': 24.9313782697085, 'lng': 67.08654006970849}}}",https://maps.gstatic.com/mapfiles/place_api/icons/v1/png_71/cafe-71.png,#FF9E67,https://maps.gstatic.com/mapfiles/place_api/icons/v2/cafe_pinlet,Vintage Coffee Cafe,{'open_now': True},"[{'height': 728, 'html_attributions': ['<a href=""https://maps.google.com/maps/contrib/116941112155232581692"">Fahad linkin</a>'], 'photo_reference': 'AUGGfZl49HJ5sv3YfHaFmtFxDTSle5NOovTwfwt4x1WLuHS_imz0CCUvYQrDP7taLxhNv0VAYXdwX0ebVLJiDrcw9kt-SnSekofuNWzdiY6JdcYQ1mp_AdCxz1KELJa_GehbIWw823QVNVvCdr42XgKewCotjbIc9brnYrkR6v_T18UECnyC', 'width': 1296}]",ChIJYSfWpE4_sz4RRuIvc8Tfj1A,,,3.3,ChIJYSfWpE4_sz4RRuIvc8Tfj1A,GOOGLE,"['cafe', 'food', 'point_of_interest', 'establishment']",3.0,"W3MP+3XG, Gulberg Town",,8642e442fffffff
OPERATIONAL,"{'location': {'lat': 24.9322159, 'lng': 67.1012159}, 'viewport': {'northeast': {'lat': 24.9335305302915, 'lng': 67.1025955302915}, 'southwest': {'lat': 24.9308325697085, 'lng': 67.09989756970849}}}",https://maps.gstatic.com/mapfiles/place_api/icons/v1/png_71/cafe-71.png,#FF9E67,https://maps.gstatic.com/mapfiles/place_api/icons/v2/cafe_pinlet,Coffee Wagera Maskan,{'open_now': True},"[{'height': 3024, 'html_attributions': ['<a href=""https://maps.google.com/maps/contrib/101663101064345801613"">Coffee Wagera Maskan</a>'], 'photo_reference': 'AUGGfZn4FEdkG4JPfP7yXAsFHioOP6Owj_JqbE5l9LcLDwhSLTLDyEE2x6sNlKImUHt4klXH1S3mUqsvnLX-8JuBNF64xXjm6iw9V_w5WlLTF0YWxtj5G6FuJsoaTAX_UUBSpTJqoHDE7GvicufWozz_oyc1tqpDFaPNioF279q3k9JqJXpv', 'width': 3024}]",ChIJRQfwgkQ5sz4Ru_RnvlfMgJE,"{'compound_code': 'W4J2+VF Gulshan-e-Iqbal, Karachi, Pakistan', 'global_code': '7JP9W4J2+VF'}",2.0,4.2,ChIJRQfwgkQ5sz4Ru_RnvlfMgJE,GOOGLE,"['cafe', 'store', 'food', 'point_of_interest', 'establishment']",1074.0,"Shops No. 1, Regency Apartments, Allama Shabbir Ahmed Usmani Road, Block 4 Gulshan-e-Iqbal, Karachi",,8642e442fffffff
OPERATIONAL,"{'location': {'lat': 24.9348445, 'lng': 67.1044838}, 'viewport': {'northeast': {'lat': 24.9361933802915, 'lng': 67.10583648029149}, 'southwest': {'lat': 24.9334954197085, 'lng': 67.10313851970848}}}",https://maps.gstatic.com/mapfiles/place_api/icons/v1/png_71/cafe-71.png,#FF9E67,https://maps.gstatic.com/mapfiles/place_api/icons/v2/cafe_pinlet,Quetta Kakar Hotel,{'open_now': True},"[{'height': 4000, 'html_attributions': ['<a href=""https://maps.google.com/maps/contrib/102524973333112128450"">Muhammad Abdullah</a>'], 'photo_reference': 'AUGGfZlALXtye04fWMEeoicxgBtJBI8ML1T69eRkIQJKRlGt0QSUJwX_g-hF7K_uLjs23igNS_7xqEfTydVTS0leThLLhSJUgv5-wk4x7yxatITlsuPsSUWZnZR4eLCw0XPz7xNHXLEyIpHdi_wYUF0kywxTZe9TNXljdcIxLCJsaPKNk3wq', 'width': 2992}]",ChIJ03RvyrA4sz4RSXYjzW6Kbe0,,1.0,4.2,ChIJ03RvyrA4sz4RSXYjzW6Kbe0,GOOGLE,"['cafe', 'food', 'point_of_interest', 'establishment']",186.0,"W4M3+WQQ, Muskan Apartment, Allama Shabbir Ahmed Usmani Road, Block 4 Gulshan-e-Iqbal, Karachi",,8642e442fffffff
OPERATIONAL,"{'location': {'lat': 24.931429, 'lng': 67.099538}, 'viewport': {'northeast': {'lat': 24.9327486302915, 'lng': 67.10084863029151}, 'southwest': {'lat': 24.9300506697085, 'lng': 67.0981506697085}}}",https://maps.gstatic.com/mapfiles/place_api/icons/v1/png_71/cafe-71.png,#FF9E67,https://maps.gstatic.com/mapfiles/place_api/icons/v2/cafe_pinlet,Quetta Bhai Jan Hotel,{'open_now': True},"[{'height': 4000, 'html_attributions': ['<a href=""https://maps.google.com/maps/contrib/106780827216202125435"">Karishma M. Iqbal</a>'], 'photo_reference': 'AUGGfZmZOqylknVDcHk58DST7hxFo1jmsSrl9Exe_F0bxnJHL-wzY2v9hj6PoupqC5wezVnSG_p-4o1kwH31PSDzqpb0itfGW8yEnLwAX2jHVV057KDsDqWGrjBdooyvJr51ZkMxCss88MQnsJGYEeFZAUv2MPjf2ShgZ72tIDyLqCrgpza4', 'width': 3000}]",ChIJDbruRbg5sz4RonvLluCem6A,"{'compound_code': 'W3JX+HR Gulshan-e-Iqbal, Karachi, Pakistan', 'global_code': '7JP9W3JX+HR'}",,4.1,ChIJDbruRbg5sz4RonvLluCem6A,GOOGLE,"['cafe', 'food', 'point_of_interest', 'establishment']",127.0,"Plot SB 10, Block 4 Gulshan-e-Iqbal, Karachi",,8642e442fffffff
OPERATIONAL,"{'location': {'lat': 24.9314197, 'lng': 67.0995983}, 'viewport': {'northeast': {'lat': 24.9327278302915, 'lng': 67.1008938302915}, 'southwest': {'lat': 24.93002986970849, 'lng': 67.09819586970849}}}",https://maps.gstatic.com/mapfiles/place_api/icons/v1/png_71/cafe-71.png,#FF9E67,https://maps.gstatic.com/mapfiles/place_api/icons/v2/cafe_pinlet,CAFE BARAKAH,{'open_now': False},"[{'height': 4160, 'html_attributions': ['<a href=""https://maps.google.com/maps/contrib/102743126976619265844"">Ahsan Ahmed</a>'], 'photo_reference': 'AUGGfZnFWMLp88lmPcG1nB78xVqes7C26ag0_lbathnFwMdScLcARSTF3BlArDfHQ0BaxaoVqqyJ27KdbcQ4RAPWhFU4w_z2prQs5sL8THDzsWyyHBSrYVajo4d4k-FZLDSJy0m8v-l-GZMJW_1FJfRIlyO6UbwScV7ULWOqx3Tzo0HvFTuf', 'width': 3120}]",ChIJ6e11wrc5sz4RdGbJGITlbVQ,"{'compound_code': 'W3JX+HR Gulshan-e-Iqbal, Karachi, Pakistan', 'global_code': '7JP9W3JX+HR'}",,5.0,ChIJ6e11wrc5sz4RdGbJGITlbVQ,GOOGLE,"['cafe', 'restaurant', 'food', 'point_of_interest', 'establishment']",33.0,"Sumera Square, Allama Shabbir Ahmed Usmani Road, Karachi",,8642e442fffffff
OPERATIONAL,"{'location': {'lat': 24.9318581, 'lng': 67.10062909999999}, 'viewport': {'northeast': {'lat': 24.9331527802915, 'lng': 67.1020251302915}, 'southwest': {'lat': 24.9304548197085, 'lng': 67.09932716970847}}}",https://maps.gstatic.com/mapfiles/place_api/icons/v1/png_71/cafe-71.png,#FF9E67,https://maps.gstatic.com/mapfiles/place_api/icons/v2/cafe_pinlet,Kaybees - Gulshan-e-Iqbal,{'open_now': True},"[{'height': 2988, 'html_attributions': ['<a href=""https://maps.google.com/maps/contrib/103403282012328028573"">Abid Hussain</a>'], 'photo_reference': 'AUGGfZmAkV87MalX8Vbb0OmaEk6fRZVYhH-SCJZ7TTSsUvIG8m6BXP-1bmpbKKTMiFytoBftT422a8_AxkAFEJ9UA2fr3tn3G_-TaMPhihcpvgECDTgjsZBLAYly9sDz2tROlQLKksdxxo8vUiKSuoO37fQVWpzdIRjqtkvFdRxpzZu78qXt', 'width': 5312}]",ChIJ-5E8hbY4sz4RavtiO2tpC_U,"{'compound_code': 'W4J2+P7 Gulshan-e-Iqbal, Karachi, Pakistan', 'global_code': '7JP9W4J2+P7'}",2.0,3.9,ChIJ-5E8hbY4sz4RavtiO2tpC_U,GOOGLE,"['cafe', 'restaurant', 'food', 'point_of_interest', 'establishment']",2573.0,"E40, Shazco Centre, Shop No 4, 2 Allama Shabbir Ahmed Usmani Road, Karachi",,8642e442fffffff
OPERATIONAL,"{'location': {'lat': 24.9411233, 'lng': 67.0819126}, 'viewport': {'northeast': {'lat': 24.9425299802915, 'lng': 67.08320623029151}, 'southwest': {'lat': 24.9398320197085, 'lng': 67.08050826970849}}}",https://maps.gstatic.com/mapfiles/place_api/icons/v1/png_71/cafe-71.png,#FF9E67,https://maps.gstatic.com/mapfiles/place_api/icons/v2/cafe_pinlet,Cafe Pyala,{'open_now': True},"[{'height': 4080, 'html_attributions': ['<a href=""https://maps.google.com/maps/contrib/112631369606802469780"">Rehmat Rahim Rustam</a>'], 'photo_reference': 'AUGGfZkpBVYPGMlI_ZBkqxIkIRXWKUj0UgPoPYK_Q2aM7RoFiDlxlbrg-K7-iPFkc98IVOfLHc7D5XFymprKyL82xUxprbJof_ipXTqY21B9DU8PRUi81_IKM2BMiv7-1Xwdt8V447_PjqArya1OohrZ0NWQi4O9AgmG1KFbSaHDLuaLQCEq', 'width': 3060}]",ChIJIeByCVo_sz4Ri8el3Chs7Ns,,1.0,4.2,ChIJIeByCVo_sz4Ri8el3Chs7Ns,GOOGLE,"['cafe', 'food', 'point_of_interest', 'establishment']",3834.0,"W3RJ+CQV, Block 16 Gulberg Town, Karachi",,8642e442fffffff
OPERATIONAL,"{'location': {'lat': 24.9323526, 'lng': 67.0872638}, 'viewport': {'northeast': {'lat': 24.9332493302915, 'lng': 67.0886478802915}, 'southwest': {'lat': 24.9305513697085, 'lng': 67.0859499197085}}}",https://maps.gstatic.com/mapfiles/place_api/icons/v1/png_71/cafe-71.png,#FF9E67,https://maps.gstatic.com/mapfiles/place_api/icons/v2/cafe_pinlet,King corn cafe,,,ChIJa6ClCAA_sz4R2g-DJOz_zp4,"{'compound_code': 'W3JP+WW Gulberg Town, Karachi, Pakistan', 'global_code': '7JP9W3JP+WW'}",,5.0,ChIJa6ClCAA_sz4R2g-DJOz_zp4,GOOGLE,"['cafe', 'food', 'point_of_interest', 'establishment']",1.0,"Second floor, Luckyone shopping mall, in front, lime light, Karachi",,8642e442fffffff
OPERATIONAL,"{'location': {'lat': 24.9310599, 'lng': 67.0995993}, 'viewport': {'northeast': {'lat': 24.9324426302915, 'lng': 67.1009923802915}, 'southwest': {'lat': 24.9297446697085, 'lng': 67.09829441970848}}}",https://maps.gstatic.com/mapfiles/place_api/icons/v1/png_71/cafe-71.png,#FF9E67,https://maps.gstatic.com/mapfiles/place_api/icons/v2/cafe_pinlet,Chai N The Sky,{'open_now': False},"[{'height': 739, 'html_attributions': ['<a href=""https://maps.google.com/maps/contrib/107263214033819416161"">Chai N The Sky</a>'], 'photo_reference': 'AUGGfZmzpBrSFRtvr0U62DzOWxQKTmTueIvjQQrWAFDLqrYCymQDwDJsiot8HOLbjZ-AQaUiNt0ACF_Sv3hvqeXL-JQ1S7X7sMQ3t_QGPvDJhXntFXhX547AUAX9KGtm1DAe45GVHo2hO8y9zN_iYDvanNIW7yWuzBBzCuTtK80cue_OYJUI', 'width': 1600}]",ChIJRaadQ9c5sz4RVZ2wtRaBDEM,"{'compound_code': 'W3JX+CR Gulshan-e-Iqbal, Karachi, Pakistan', 'global_code': '7JP9W3JX+CR'}",,3.9,ChIJRaadQ9c5sz4RVZ2wtRaBDEM,GOOGLE,"['cafe', 'food', 'point_of_interest', 'establishment']",78.0,"Allama shabbir Road, 4 Block, Gulshan-e-Iqbal, Karachi",,8642e442fffffff
OPERATIONAL,"{'location': {'lat': 24.9320481, 'lng': 67.08765799999999}, 'viewport': {'northeast': {'lat': 24.9331088302915, 'lng': 67.0890293302915}, 'southwest': {'lat': 24.9304108697085, 'lng': 67.08633136970849}}}",https://maps.gstatic.com/mapfiles/place_api/icons/v1/png_71/cafe-71.png,#FF9E67,https://maps.gstatic.com/mapfiles/place_api/icons/v2/cafe_pinlet,Vital Cafe,{'open_now': True},"[{'height': 2670, 'html_attributions': ['<a href=""https://maps.google.com/maps/contrib/101781136817890164018"">Saher Naveed</a>'], 'photo_reference': 'AUGGfZk5Z8TXQMYSiXOBy3d5JCreRlDedR5SlJdR59kqqGmkyeVj0fQO4hcJPCc0XaAjqDeN3cigb22LSTh7uiu26QKvHl9kPndIyjfzu8JjYuCpabm4rZ20af28LPCjx3LhysN3pWvjbgkJLUhgvpWRkcmOGh-wAPR6ipuHNQvNBk9D6OkF', 'width': 3678}]",ChIJ07JVYQA_sz4Rf-0sjuDxacc,,,3.0,ChIJ07JVYQA_sz4Rf-0sjuDxacc,GOOGLE,"['cafe', 'food', 'point_of_interest', 'establishment']",1.0,"W3JQ+V29, FB Indus-Area Block 21 Block 21 Gulberg Town, Karachi",,8642e442fffffff
OPERATIONAL,"{'location': {'lat': 24.932383, 'lng': 67.08706699999999}, 'viewport': {'northeast': {'lat': 24.93389508029151, 'lng': 67.0880569302915}, 'southwest': {'lat': 24.9311971197085, 'lng': 67.0853589697085}}}",https://maps.gstatic.com/mapfiles/place_api/icons/v1/png_71/cafe-71.png,#FF9E67,https://maps.gstatic.com/mapfiles/place_api/icons/v2/cafe_pinlet,Fibbi Cafe - LuckyOne,{'open_now': True},"[{'height': 2268, 'html_attributions': ['<a href=""https://maps.google.com/maps/contrib/102087321943139493417"">Gohar Anwar</a>'], 'photo_reference': 'AUGGfZkY54juBgXDhtE02y6Jqsk-7gNMc0enXAjQvJ3mq0DgrLFFqOfc0MIqgAcdud-uNz2zq1HHTsYbCA05_xNFCVrDR41ia69QVRBECsMu3xyovzE_4WJeayks-Xptem04ED0vdIRLGezsZopaydTNI-xqxF5G7fHTDthfN_VS5ZQeyX0U', 'width': 4032}]",ChIJaS9CXBY_sz4RYqa1GUbgJ-M,"{'compound_code': 'W3JP+XR Gulberg Town, Karachi, Pakistan', 'global_code': '7JP9W3JP+XR'}",,3.7,ChIJaS9CXBY_sz4RYqa1GUbgJ-M,GOOGLE,"['cafe', 'food', 'point_of_interest', 'establishment']",33.0,"LuckyOne mall, Plot LA 2B, FB Indus-Area Block 21 Block 21 Gulberg Town, Karachi",,8642e442fffffff
OPERATIONAL,"{'location': {'lat': 24.9324762, 'lng': 67.1025855}, 'viewport': {'northeast': {'lat': 24.9338684302915, 'lng': 67.10389838029151}, 'southwest': {'lat': 24.9311704697085, 'lng': 67.1012004197085}}}",https://maps.gstatic.com/mapfiles/place_api/icons/v1/png_71/cafe-71.png,#FF9E67,https://maps.gstatic.com/mapfiles/place_api/icons/v2/cafe_pinlet,Cafe Rahat,{'open_now': True},"[{'height': 4160, 'html_attributions': ['<a href=""https://maps.google.com/maps/contrib/114845941709308405205"">Cafe Rahat</a>'], 'photo_reference': 'AUGGfZkuNY9zruwMaikaTXXtmTpvQb-mQdon93GwxBnFpVKr-cYqAz4u1v6_R5Kzdg9LC6OSA52MSgJvEo5BqcksjNTnXfypqxOl_pBDW6REbmYrGxvr_Q6IZD11zCGffFLafLrn7k1GsLuU3JMoMSAvJZj1eUnAJZHdQHAn7ACNVw2udDdl', 'width': 1872}]",ChIJ446DiaM5sz4RGLQS80BlnVI,"{'compound_code': 'W4J3+X2 Gulshan-e-Iqbal, Karachi, Pakistan', 'global_code': '7JP9W4J3+X2'}",,3.9,ChIJ446DiaM5sz4RGLQS80BlnVI,GOOGLE,"['cafe', 'food', 'point_of_interest', 'establishment']",10.0,"Shop no. 17, Shaheen Heights Apartment, Block 7 Gulshan-e-Iqbal, Karachi",,8642e442fffffff
OPERATIONAL,"{'location': {'lat': 24.9306933, 'lng': 67.0990594}, 'viewport': {'northeast': {'lat': 24.9319712802915, 'lng': 67.1004807302915}, 'southwest': {'lat': 24.9292733197085, 'lng': 67.09778276970849}}}",https://maps.gstatic.com/mapfiles/place_api/icons/v1/png_71/cafe-71.png,#FF9E67,https://maps.gstatic.com/mapfiles/place_api/icons/v2/cafe_pinlet,CS 2.0,,,ChIJO6z_FwA5sz4ROSVKLc0KSOY,,,,ChIJO6z_FwA5sz4ROSVKLc0KSOY,GOOGLE,"['cafe', 'food', 'point_of_interest', 'store', 'establishment']",,"W3JX+7JF, Gulshan-e-Iqbal, Karachi",,8642e442fffffff
OPERATIONAL,"{'location': {'lat': 24.9340154, 'lng': 67.0847915}, 'viewport': {'northeast': {'lat': 24.9353624802915, 'lng': 67.08612083029149}, 'southwest': {'lat': 24.9326645197085, 'lng': 67.08342286970849}}}",https://maps.gstatic.com/mapfiles/place_api/icons/v1/png_71/cafe-71.png,#FF9E67,https://maps.gstatic.com/mapfiles/place_api/icons/v2/cafe_pinlet,Quetta Madinah Hotel,,"[{'height': 3264, 'html_attributions': ['<a href=""https://maps.google.com/maps/contrib/103663006338831068202"">Dr. Taha Shabbir</a>'], 'photo_reference': 'AUGGfZm3vldUHer5uBboMDUJQ1srGROONMrOyyTToYSrZiDKG6BPmvcXMrmzvuG5boGIjZcZWediRonLQfzHR2TE7oMcqtYYMFH67RKbfvv7JKYfMzAwJEL8bIBEf0NT-Rg29YlLPLCzJftkGO2ZCsiH_ubN1AtVTs1gDBa9-nB-QMjpWjbg', 'width': 2448}]",ChIJCX1ht10_sz4RvMBKLaJb7IE,,,5.0,ChIJCX1ht10_sz4RvMBKLaJb7IE,GOOGLE,"['cafe', 'food', 'point_of_interest', 'establishment']",2.0,"W3MM+JW3, Block 16 Gulberg Town, Karachi",,8642e442fffffff
CLOSED_TEMPORARILY,"{'location': {'lat': 24.9346682, 'lng': 67.1052053}, 'viewport': {'northeast': {'lat': 24.9361062802915, 'lng': 67.10648173029152}, 'southwest': {'lat': 24.93340831970849, 'lng': 67.1037837697085}}}",https://maps.gstatic.com/mapfiles/place_api/icons/v1/png_71/cafe-71.png,#FF9E67,https://maps.gstatic.com/mapfiles/place_api/icons/v2/cafe_pinlet,Wafflera,,"[{'height': 12000, 'html_attributions': ['<a href=""https://maps.google.com/maps/contrib/104620078869235807186"">Tahir Aftab</a>'], 'photo_reference': 'AUGGfZlO6CNhekjvNC7f__HmlHZf8cE_BxUOwhWWwtcgd5RurC6c6zu8TxohJuJnkYz7XJwpPssW1j8itXkYwhE-TkdNIHYuCY7TOYzR-xBBTHP0ACridrbQiGOYnWP4OlSntstYL98Co33knCIYEg2eWbFGlHIjpj6AOP2ZS1dUr93rF4xy', 'width': 9000}]",ChIJD6RP3ew5sz4RNMTLEegAAm4,"{'compound_code': 'W4M4+V3 Gulshan-e-Iqbal, Karachi, Pakistan', 'global_code': '7JP9W4M4+V3'}",,4.9,ChIJD6RP3ew5sz4RNMTLEegAAm4,GOOGLE,"['cafe', 'food', 'point_of_interest', 'store', 'establishment']",27.0,"Maskan Chowrangi Bus Stop, Allama Shabbir Ahmed Usmani Road, Block 7 Gulshan-e-Iqbal, Karachi",True,8642e442fffffff
OPERATIONAL,"{'location': {'lat': 24.9318601, 'lng': 67.0873962}, 'viewport': {'northeast': {'lat': 24.93300603029151, 'lng': 67.0887609302915}, 'southwest': {'lat': 24.9303080697085, 'lng': 67.0860629697085}}}",https://maps.gstatic.com/mapfiles/place_api/icons/v1/png_71/cafe-71.png,#FF9E67,https://maps.gstatic.com/mapfiles/place_api/icons/v2/cafe_pinlet,Melbrew - LuckyOne Mall,{'open_now': True},"[{'height': 1868, 'html_attributions': ['<a href=""https://maps.google.com/maps/contrib/112606361139313628491"">Melbrew - LuckyOne Mall</a>'], 'photo_reference': 'AUGGfZkIDjjvMF5NC1o_nT0Owm9OzcrRUPrSwdXe93LGtccTWnGC6-OY-8LYQh5nXgyPmajWAR91FSIbCHj9tc03AsBPE7d3ACRcrFtrEjqZExX49XeMhtzY1HC_dFSAqDQ93gdMjeMG5la5YoimhDRBslxm3wBLAY48vGOIF5xALASQAl6E', 'width': 4000}]",ChIJ66ckz0s_sz4RLwKBoRRR2HE,"{'compound_code': 'W3JP+PX Gulshan-e-Iqbal, Karachi, Pakistan', 'global_code': '7JP9W3JP+PX'}",,4.3,ChIJ66ckz0s_sz4RLwKBoRRR2HE,GOOGLE,"['cafe', 'food', 'point_of_interest', 'store', 'establishment']",23.0,"Area, Second floor, opposite to OnderLand, FoodCourt, Gulshan-e-Iqbal, Karachi",,8642e442fffffff
OPERATIONAL,"{'location': {'lat': 24.9303266, 'lng': 67.0986745}, 'viewport': {'northeast': {'lat': 24.9315334802915, 'lng': 67.0999674302915}, 'southwest': {'lat': 24.92883551970849, 'lng': 67.0972694697085}}}",https://maps.gstatic.com/mapfiles/place_api/icons/v1/png_71/cafe-71.png,#FF9E67,https://maps.gstatic.com/mapfiles/place_api/icons/v2/cafe_pinlet,Drop Coffee Bar - Gulshan-e-Iqbal,{'open_now': True},"[{'height': 3024, 'html_attributions': ['<a href=""https://maps.google.com/maps/contrib/107098050472862683469"">Mirza Asad Baig</a>'], 'photo_reference': 'AUGGfZkUN7EwwVwRTaJO5FhZU_K3RH5NkJVNt7S_bOX3SE-XFPj9Xa-kErYKSp60NsNq1W3Uf4KdPX4S_m5kq-IqRyFuanXzotkZEmhclTTYe9M9xCDYuRJoF0MpJYMt0rckCKNvfLyKwm7YQ93axNxHcxeY_yUWBMmgn2apPqiC_TdSnp-i', 'width': 4032}]",ChIJ7ZQcvTc5sz4R2KnxgMUfwLw,"{'compound_code': 'W3JX+4F Gulshan-e-Iqbal, Karachi, Pakistan', 'global_code': '7JP9W3JX+4F'}",,4.4,ChIJ7ZQcvTc5sz4R2KnxgMUfwLw,GOOGLE,"['cafe', 'food', 'point_of_interest', 'store', 'establishment']",107.0,"FL 2, Block 4 Gulshan-e-Iqbal, Karachi",,8642e442fffffff
OPERATIONAL,"{'location': {'lat': 24.9319561, 'lng': 67.0868691}, 'viewport': {'northeast': {'lat': 24.9330375802915, 'lng': 67.0882388302915}, 'southwest': {'lat': 24.9303396197085, 'lng': 67.0855408697085}}}",https://maps.gstatic.com/mapfiles/place_api/icons/v1/png_71/cafe-71.png,#FF9E67,https://maps.gstatic.com/mapfiles/place_api/icons/v2/cafe_pinlet,Gloria Jean's Coffees Lucky One Mall Karachi,{'open_now': True},"[{'height': 1200, 'html_attributions': ['<a href=""https://maps.google.com/maps/contrib/105197827670968362901"">Muhammad Tahir</a>'], 'photo_reference': 'AUGGfZk8-xWVWigvNKQGeALQAXWdXW3-pTIcEa4QxKOmri8vruNmBXR6RBknJjvvuLtEvnP25U3yioODoC-_rD5UlEOvOD_GuBY58I5T53yRwem1GX_14nOjfCJwod_qWbnu7hNBStIuf0rE5G0KsAug_WRWAZJFb077DdHLhAyFQINj_qdv', 'width': 1600}]",ChIJ2fBMtE4_sz4RNdACoGdn0w8,"{'compound_code': 'W3JP+QP Gulberg Town, Karachi, Pakistan', 'global_code': '7JP9W3JP+QP'}",3.0,4.2,ChIJ2fBMtE4_sz4RNdACoGdn0w8,GOOGLE,"['cafe', 'restaurant', 'food', 'point_of_interest', 'store', 'establishment']",1544.0,"Lucky One Mall, Rashid Minhas Road, Federal B Area Block 21 Gulberg Town, Karachi",,8642e442fffffff
OPERATIONAL,"{'location': {'lat': 24.9395714, 'lng': 67.0813172}, 'viewport': {'northeast': {'lat': 24.9409624302915, 'lng': 67.0827196302915}, 'southwest': {'lat': 24.9382644697085, 'lng': 67.08002166970849}}}",https://maps.gstatic.com/mapfiles/place_api/icons/v1/png_71/cafe-71.png,#FF9E67,https://maps.gstatic.com/mapfiles/place_api/icons/v2/cafe_pinlet,Cafe Bilal,,"[{'height': 2448, 'html_attributions': ['<a href=""https://maps.google.com/maps/contrib/103663006338831068202"">Dr. Taha Shabbir</a>'], 'photo_reference': 'AUGGfZktBqZMDdJo08BdIBcNldrn84rx27VYZzJKPL0zGZM2-hVujq9t1ye6fExqpVukZPyVnJWD_JOHrL4KrKt8jwAGeE7IJeM66-47Bp5RI92IZqpzao5KDQn0rGj9L_zzG6hnFkSgJlf0W8_c6xY1L3xAlLkpn8dzUhhHjYcd9tvXjHn_', 'width': 2448}]",ChIJrR6M6iU_sz4R-XVwDRW1HK8,"{'compound_code': 'W3QJ+RG Gulberg Town, Karachi, Pakistan', 'global_code': '7JP9W3QJ+RG'}",,3.6,ChIJrR6M6iU_sz4R-XVwDRW1HK8,GOOGLE,"['cafe', 'food', 'point_of_interest', 'establishment']",5.0,"Plot R 104, Federal B Area Block 16 Gulberg Town, Karachi",,8642e442fffffff
OPERATIONAL,"{'location': {'lat': 24.930526, 'lng': 67.1004152}, 'viewport': {'northeast': {'lat': 24.93184018029151, 'lng': 67.10172108029151}, 'southwest': {'lat': 24.9291422197085, 'lng': 67.0990231197085}}}",https://maps.gstatic.com/mapfiles/place_api/icons/v1/png_71/cafe-71.png,#FF9E67,https://maps.gstatic.com/mapfiles/place_api/icons/v2/cafe_pinlet,Food port,{'open_now': True},"[{'height': 5344, 'html_attributions': ['<a href=""https://maps.google.com/maps/contrib/106853335643828776190"">Create You&#39;r Imaginaion</a>'], 'photo_reference': 'AUGGfZk8rv4xF9zgOsN3vyzhqFpCRWIC0RE_lKMOTWFxtCgaDW5TxuOiPqGfrihn0ILKGezxEQvv56C5FhYuz4kxvVitqTR_RejWvMSkh3aGdvxvrLlM6DUGWp_xj2q04Nx4GjGCafdOYHPDUyYTBf9I8AnugxHo9C7uOb5HxBU_YTKtwzkh', 'width': 3006}]",ChIJZ0ad6_A5sz4RO4HcK54vG0k,"{'compound_code': 'W4J2+65 Gulshan-e-Iqbal, Karachi, Pakistan', 'global_code': '7JP9W4J2+65'}",,3.0,ChIJZ0ad6_A5sz4RO4HcK54vG0k,GOOGLE,"['cafe', 'food', 'point_of_interest', 'establishment']",1.0,"Plot 18 67.100427, Block 7 Gulshan-e-Iqbal, Karachi",,8642e442fffffff
OPERATIONAL,"{'location': {'lat': 24.9293674, 'lng': 67.0970849}, 'viewport': {'northeast': {'lat': 24.9307661802915, 'lng': 67.0985069302915}, 'southwest': {'lat': 24.9280682197085, 'lng': 67.09580896970849}}}",https://maps.gstatic.com/mapfiles/place_api/icons/v1/png_71/cafe-71.png,#FF9E67,https://maps.gstatic.com/mapfiles/place_api/icons/v2/cafe_pinlet,Quetta Al Haram Hotel,{'open_now': True},"[{'height': 3024, 'html_attributions': ['<a href=""https://maps.google.com/maps/contrib/104315380668054874913"">Subhan Z. Ghanvi</a>'], 'photo_reference': 'AUGGfZnka1PEjyqX6uJIoPDm6kU4X92TCVif1FRCwdfOOB2Ae7MS5Mfa-ixU5cukOYSlQG829LgfZ8IOELAVikbR1OtxKY15c9KZBcCwHhE-NOm96Iw3WqFhfQBEwPp1wI3uUZofg7H-t6ONA5JiBEma9PQc8V7zxoOQppZvnIrq8qxieFkf', 'width': 4032}]",ChIJ46J8_0M5sz4RYOJ3SFJOitE,,,3.7,ChIJ46J8_0M5sz4RYOJ3SFJOitE,GOOGLE,"['cafe', 'food', 'point_of_interest', 'store', 'establishment']",9.0,"W3HW+PRW, Olympian Islahuddin Road, Block 3 Block 3 Gulshan-e-Iqbal, Karachi",,8642e442fffffff
OPERATIONAL,"{'location': {'lat': 24.9411111, 'lng': 67.0805556}, 'viewport': {'northeast': {'lat': 24.94240658029151, 'lng': 67.08195538029149}, 'southwest': {'lat': 24.9397086197085, 'lng': 67.07925741970848}}}",https://maps.gstatic.com/mapfiles/place_api/icons/v1/png_71/cafe-71.png,#FF9E67,https://maps.gstatic.com/mapfiles/place_api/icons/v2/cafe_pinlet,Tea Cafe,{'open_now': True},"[{'height': 1920, 'html_attributions': ['<a href=""https://maps.google.com/maps/contrib/116625578742200701225"">Tanveer Jafri</a>'], 'photo_reference': 'AUGGfZlSwFq9EKtrZdldM_w9xe8xBDU0eatMm4yodAMG_RoJLuGojpE08DDh4sFuaNGnRKRcEKrvoflnoQPclaUbiyxwcsaCZzDodCBYYXW-JHf0tgYEiLByxRhHaE53VGRxFIibSyilIHYQrfrlYC20AEs_O550YJQFmD6xxwvLWgIa5-9K', 'width': 1080}]",ChIJe931PFo_sz4RHBX5kDZgMtw,,1.0,4.2,ChIJe931PFo_sz4RHBX5kDZgMtw,GOOGLE,"['cafe', 'food', 'point_of_interest', 'establishment']",219.0,"W3RJ+C6V, Ancholi Block 20 Gulberg Town, Karachi",,8642e442fffffff
OPERATIONAL,"{'location': {'lat': 24.9410152, 'lng': 67.0804756}, 'viewport': {'northeast': {'lat': 24.9423285302915, 'lng': 67.08178048029151}, 'southwest': {'lat': 24.9396305697085, 'lng': 67.07908251970849}}}",https://maps.gstatic.com/mapfiles/place_api/icons/v1/png_71/cafe-71.png,#FF9E67,https://maps.gstatic.com/mapfiles/place_api/icons/v2/cafe_pinlet,Zain-ul-Abideen Hotel,{'open_now': True},"[{'height': 4032, 'html_attributions': ['<a href=""https://maps.google.com/maps/contrib/110304789380459525829"">Hamza H</a>'], 'photo_reference': 'AUGGfZmBaPp1PEG_EETajHF3_6u1wBN33Zw46vu6wI6RswGskktBrpSRbbI2nwIozBMPpI4ydC-f_9jFoCFysy6wBE065wCKTm5U1a19q7pEWtF8f_9fpD8GATYTg2HOzU5VcJJFLcuH1sllw4nVnIzQH8D-HwObUU6q06_u1psYHP2AjMOb', 'width': 3024}]",ChIJT0RBPFo_sz4RN5on9BSBMfU,,2.0,4.2,ChIJT0RBPFo_sz4RN5on9BSBMfU,GOOGLE,"['cafe', 'food', 'point_of_interest', 'establishment']",117.0,"W3RJ+C55, Ancholi Block 20 Gulberg Town, Karachi",,8642e442fffffff
OPERATIONAL,"{'location': {'lat': 24.9410665, 'lng': 67.0804331}, 'viewport': {'northeast': {'lat': 24.9423780302915, 'lng': 67.0817357802915}, 'southwest': {'lat': 24.93968006970849, 'lng': 67.07903781970849}}}",https://maps.gstatic.com/mapfiles/place_api/icons/v1/png_71/cafe-71.png,#FF9E67,https://maps.gstatic.com/mapfiles/place_api/icons/v2/cafe_pinlet,Dehli Z A Hotel,,,ChIJ1R84lJ4_sz4RqvvOFqo-6Qc,,,5.0,ChIJ1R84lJ4_sz4RqvvOFqo-6Qc,GOOGLE,"['cafe', 'food', 'point_of_interest', 'establishment']",1.0,"W3RJ+C5F, Block 20 (Saadat Colony, Ancholi) Ancholi Block 20 Gulberg Town, Karachi",,8642e442fffffff
OPERATIONAL,"{'location': {'lat': 24.9286245, 'lng': 67.0957758}, 'viewport': {'northeast': {'lat': 24.9299928802915, 'lng': 67.0971502302915}, 'southwest': {'lat': 24.9272949197085, 'lng': 67.09445226970848}}}",https://maps.gstatic.com/mapfiles/place_api/icons/v1/png_71/cafe-71.png,#FF9E67,https://maps.gstatic.com/mapfiles/place_api/icons/v2/cafe_pinlet,Hashim VIP French Fries,{'open_now': False},,ChIJFdfrdrU4sz4RZ68TRKlEYH0,"{'compound_code': 'W3HW+C8 Gulshan-e-Iqbal, Karachi, Pakistan', 'global_code': '7JP9W3HW+C8'}",,3.5,ChIJFdfrdrU4sz4RZ68TRKlEYH0,GOOGLE,"['cafe', 'food', 'point_of_interest', 'establishment']",2.0,"A-495 Allama Shabbir Ahmed Usmani Road, Block 3 Gulshan-e-Iqbal, Karachi",,8642e442fffffff
