business_status,geometry,icon,icon_background_color,icon_mask_base_uri,name,place_id,reference,scope,types,vicinity,photos,plus_code,rating,user_ratings_total,opening_hours,price_level,hex_id
OPERATIONAL,"{'location': {'lat': 24.8509013, 'lng': 67.1803454}, 'viewport': {'northeast': {'lat': 24.8522813302915, 'lng': 67.18181648029149}, 'southwest': {'lat': 24.84958336970849, 'lng': 67.17911851970848}}}",https://maps.gstatic.com/mapfiles/place_api/icons/v1/png_71/cafe-71.png,#FF9E67,https://maps.gstatic.com/mapfiles/place_api/icons/v2/cafe_pinlet,Toyota zamzam hotel,ChIJqb05MwA7sz4ReVroXORInis,ChIJqb05MwA7sz4ReVroXORInis,GOOGLE,"['cafe', 'food', 'store', 'point_of_interest', 'establishment']","V52J+949, Murtaza Chowrangi, Sector 28 Landhi Town, Karachi",,,,,,,8642e44e7ffffff
OPERATIONAL,"{'location': {'lat': 24.8571105, 'lng': 67.19288770000001}, 'viewport': {'northeast': {'lat': 24.8584654802915, 'lng': 67.19428728029152}, 'southwest': {'lat': 24.85576751970849, 'lng': 67.19158931970851}}}",https://maps.gstatic.com/mapfiles/place_api/icons/v1/png_71/cafe-71.png,#FF9E67,https://maps.gstatic.com/mapfiles/place_api/icons/v2/cafe_pinlet,New Quetta Haji Bismiallah Hotel,ChIJybXPh48xsz4RVOeuvREGbYo,ChIJybXPh48xsz4RVOeuvREGbYo,GOOGLE,"['cafe', 'food', 'store', 'point_of_interest', 'establishment']","V54V+R5R, Mansehra Colony Main Road, Jamal Goth Landhi Karachi Mansehra Colony Mansehra Colony Sector 12 Landhi Town, Karachi",,,,,,,8642e44e7ffffff
OPERATIONAL,"{'location': {'lat': 24.8687748, 'lng': 67.183028}, 'viewport': {'northeast': {'lat': 24.8701399802915, 'lng': 67.1843896302915}, 'southwest': {'lat': 24.8674420197085, 'lng': 67.1816916697085}}}",https://maps.gstatic.com/mapfiles/place_api/icons/v1/png_71/cafe-71.png,#FF9E67,https://maps.gstatic.com/mapfiles/place_api/icons/v2/cafe_pinlet,Quetta Cafe Dildar Hotel (کوہٹہ کیفے دلدار ہوٹل),ChIJZf-q1vI5sz4RD3CpjnNom38,ChIJZf-q1vI5sz4RD3CpjnNom38,GOOGLE,"['cafe', 'food', 'point_of_interest', 'establishment']","Shah Faisal Town Road, Karachi","[{'height': 1872, 'html_attributions': ['<a href=""https://maps.google.com/maps/contrib/117596636080292066439"">Quetta Cafe Dildar Hotel (کوہٹہ کیفے دلدار ہوٹل)</a>'], 'photo_reference': 'AUGGfZmX-Xq9E0dCnir55pNXl2pBrvFLaRN1JItnPUIXolpUPJbJ7ihrAARB8am4pZ3fpZ8KrVAJOGVEiSnqF8rk_h6sopcqLvqONIxvyicz0uVPknMGYNuHNkvjBTnaJYETMvE47xqF8n1CGmCdiPUye0CramkO8F1qUIi5g9bEffW_rUCO', 'width': 4160}]","{'compound_code': 'V59M+G6 Shah Faisal Town, Pakistan', 'global_code': '7JP9V59M+G6'}",3.0,2.0,,,8642e44e7ffffff
OPERATIONAL,"{'location': {'lat': 24.8450623, 'lng': 67.1791502}, 'viewport': {'northeast': {'lat': 24.8464181302915, 'lng': 67.1805330802915}, 'southwest': {'lat': 24.8437201697085, 'lng': 67.17783511970849}}}",https://maps.gstatic.com/mapfiles/place_api/icons/v1/png_71/cafe-71.png,#FF9E67,https://maps.gstatic.com/mapfiles/place_api/icons/v2/cafe_pinlet,Special cafeee,ChIJregUyq47sz4RWqE9nLm0lmw,ChIJregUyq47sz4RWqE9nLm0lmw,GOOGLE,"['cafe', 'food', 'point_of_interest', 'establishment']","2d Street 11, Karachi",,"{'compound_code': 'R5WH+2M Landhi Town, Karachi, Pakistan', 'global_code': '7JP9R5WH+2M'}",,,,,8642e44e7ffffff
OPERATIONAL,"{'location': {'lat': 24.869998, 'lng': 67.190001}, 'viewport': {'northeast': {'lat': 24.8713744302915, 'lng': 67.1913622802915}, 'southwest': {'lat': 24.8686764697085, 'lng': 67.1886643197085}}}",https://maps.gstatic.com/mapfiles/place_api/icons/v1/png_71/cafe-71.png,#FF9E67,https://maps.gstatic.com/mapfiles/place_api/icons/v2/cafe_pinlet,Cafe Garden,ChIJk8PlIOQxsz4RUXMaZHBMIZY,ChIJk8PlIOQxsz4RUXMaZHBMIZY,GOOGLE,"['cafe', 'food', 'store', 'point_of_interest', 'establishment']","V59R+W2M, Rafi Garden Bagh e Ibrahim Society Shah Faisal Colony, Karachi",,,,,,,8642e44e7ffffff
OPERATIONAL,"{'location': {'lat': 24.8458943, 'lng': 67.1932331}, 'viewport': {'northeast': {'lat': 24.8472459802915, 'lng': 67.1946445802915}, 'southwest': {'lat': 24.8445480197085, 'lng': 67.19194661970849}}}",https://maps.gstatic.com/mapfiles/place_api/icons/v1/png_71/cafe-71.png,#FF9E67,https://maps.gstatic.com/mapfiles/place_api/icons/v2/cafe_pinlet,Bismillah Tea Point,ChIJJUq8mNcxsz4RIXD2E4kobCM,ChIJJUq8mNcxsz4RIXD2E4kobCM,GOOGLE,"['cafe', 'food', 'store', 'point_of_interest', 'establishment']","R5WV+88, Landhi Town, Karachi",,,,,,,8642e44e7ffffff
OPERATIONAL,"{'location': {'lat': 24.8726075, 'lng': 67.184184}, 'viewport': {'northeast': {'lat': 24.8739327802915, 'lng': 67.1855930302915}, 'southwest': {'lat': 24.87123481970849, 'lng': 67.1828950697085}}}",https://maps.gstatic.com/mapfiles/place_api/icons/v1/png_71/cafe-71.png,#FF9E67,https://maps.gstatic.com/mapfiles/place_api/icons/v2/cafe_pinlet,New Quetta Arafat Hotel (نیو کوئٹھ عرفات ھوٹل),ChIJU0aCf0w7sz4R9SRGcXa0x1E,ChIJU0aCf0w7sz4R9SRGcXa0x1E,GOOGLE,"['cafe', 'food', 'point_of_interest', 'establishment']","Shop no 29, salman terriosAnwar E Ibarhim, Anwar-e-Ibrahim Bagh e Ibrahim Society Shah Faisal Colony, Karachi",,"{'compound_code': 'V5FM+2M Shah Faisal Colony, Karachi, Pakistan', 'global_code': '7JP9V5FM+2M'}",,,,,8642e44e7ffffff
OPERATIONAL,"{'location': {'lat': 24.8435168, 'lng': 67.19111110000001}, 'viewport': {'northeast': {'lat': 24.8448329802915, 'lng': 67.19248058029152}, 'southwest': {'lat': 24.8421350197085, 'lng': 67.18978261970851}}}",https://maps.gstatic.com/mapfiles/place_api/icons/v1/png_71/cafe-71.png,#FF9E67,https://maps.gstatic.com/mapfiles/place_api/icons/v2/cafe_pinlet,Cafe Landhi,ChIJPX-8LHQxsz4Ryt0uH2pdqh4,ChIJPX-8LHQxsz4Ryt0uH2pdqh4,GOOGLE,"['cafe', 'food', 'point_of_interest', 'establishment']","R5VR+CC5, Shah Khalid Colony Sector 37 A Landhi Town, Karachi","[{'height': 1800, 'html_attributions': ['<a href=""https://maps.google.com/maps/contrib/106488482906353894629"">Momin Khan</a>'], 'photo_reference': 'AUGGfZmAu76CDo1IikGPskPq175ivfbyjKaMA7S-ZRL2nk1klhZpuldTcb4NMZtsswtL0bLg6SL75i1WgK16ma70hu3PGqUwhu369fmKaPgEvNdprcaHDjwsn1--Mj4fTqiqrn1BWL9Gw1yUDH8y74F9IQWGyLXzsx4eCZd7pgBoMhtdCHU_', 'width': 4000}]",,,,,,8642e44e7ffffff
OPERATIONAL,"{'location': {'lat': 24.8674884, 'lng': 67.1952182}, 'viewport': {'northeast': {'lat': 24.8688215802915, 'lng': 67.1966519802915}, 'southwest': {'lat': 24.8661236197085, 'lng': 67.19395401970849}}}",https://maps.gstatic.com/mapfiles/place_api/icons/v1/png_71/cafe-71.png,#FF9E67,https://maps.gstatic.com/mapfiles/place_api/icons/v2/cafe_pinlet,New Quetta Al Muntaz Hotel,ChIJs_u7hiIxsz4R0m1UMmwwdQM,ChIJs_u7hiIxsz4R0m1UMmwwdQM,GOOGLE,"['cafe', 'food', 'store', 'point_of_interest', 'establishment']","V58W+X3W, Gohar Green City Bagh e Ibrahim Society Shah Faisal Colony, Karachi","[{'height': 720, 'html_attributions': ['<a href=""https://maps.google.com/maps/contrib/111643180032628304391"">Imran Ali</a>'], 'photo_reference': 'AUGGfZkxZxp524wkCPjthXFeqf4tXbU99Ti9D9MXeXg-nWqj-XbSAg2ik9c6P81Mg9AayLxclxFje_80FjUq6bYHjSFnMRTlO-r66c3-TnyIWeXMf1lDNQS23OqBEinH-Yh3m7xNLcOze9A9z4eKGYDejQnzgKsN5Tlnibk2PezoBpR5-dNV', 'width': 1600}]",,4.7,6.0,{'open_now': True},,8642e44e7ffffff
OPERATIONAL,"{'location': {'lat': 24.8678788, 'lng': 67.1951064}, 'viewport': {'northeast': {'lat': 24.8692706802915, 'lng': 67.1964251802915}, 'southwest': {'lat': 24.8665727197085, 'lng': 67.19372721970849}}}",https://maps.gstatic.com/mapfiles/place_api/icons/v1/png_71/cafe-71.png,#FF9E67,https://maps.gstatic.com/mapfiles/place_api/icons/v2/cafe_pinlet,Irani tea,ChIJ6ayelHgxsz4Ri0CTNHujDbU,ChIJ6ayelHgxsz4Ri0CTNHujDbU,GOOGLE,"['cafe', 'food', 'point_of_interest', 'establishment']","V59W+525, Gohar Green City Bagh e Ibrahim Society Shah Faisal Colony, Karachi","[{'height': 3120, 'html_attributions': ['<a href=""https://maps.google.com/maps/contrib/111643180032628304391"">Imran Ali</a>'], 'photo_reference': 'AUGGfZl9v3O5ABSYYwJA1V4j83NUsT0H-6UsGEa3ir2gcO-d_iS32DioRMXJHwIMS8y5G0rKGhRLJmVoGXj4hUqteevp0C4BUOJslxGRIjlau8rIqzvq8LsZ_Mustnt9WNrTroJGs9CXICY9BtFF-1F5MqmZAyOEU_kgYJ84jY_oUIhO60tr', 'width': 4160}]",,5.0,2.0,{'open_now': True},,8642e44e7ffffff
OPERATIONAL,"{'location': {'lat': 24.8739871, 'lng': 67.1807263}, 'viewport': {'northeast': {'lat': 24.8752571802915, 'lng': 67.18206463029152}, 'southwest': {'lat': 24.8725592197085, 'lng': 67.1793666697085}}}",https://maps.gstatic.com/mapfiles/place_api/icons/v1/png_71/cafe-71.png,#FF9E67,https://maps.gstatic.com/mapfiles/place_api/icons/v2/cafe_pinlet,Cresent bahria canteen,ChIJw0V8fwI6sz4RhwW0DIDeYWw,ChIJw0V8fwI6sz4RhwW0DIDeYWw,GOOGLE,"['cafe', 'food', 'point_of_interest', 'establishment']","V5FJ+H7X, Jamia Millia Road, Gulshan-e-Rafi Gulshan e Rafi Shah Faisal Colony, Karachi",,,4.8,4.0,{'open_now': True},,8642e44e7ffffff
OPERATIONAL,"{'location': {'lat': 24.8399937, 'lng': 67.17690270000001}, 'viewport': {'northeast': {'lat': 24.8413127302915, 'lng': 67.17826758029152}, 'southwest': {'lat': 24.8386147697085, 'lng': 67.1755696197085}}}",https://maps.gstatic.com/mapfiles/place_api/icons/v1/png_71/cafe-71.png,#FF9E67,https://maps.gstatic.com/mapfiles/place_api/icons/v2/cafe_pinlet,Cafe Shandar,ChIJH9BF7uo7sz4RCvs68zJufHA,ChIJH9BF7uo7sz4RCvs68zJufHA,GOOGLE,"['cafe', 'food', 'point_of_interest', 'establishment']","R5QG+XQR, 36B Road, Sector 36 B Landhi Town, Karachi","[{'height': 4032, 'html_attributions': ['<a href=""https://maps.google.com/maps/contrib/112372877386788623887"">Furqan Rohi</a>'], 'photo_reference': 'AUGGfZkZSnbOsrKTuajcsf7X3lLK7_NXBTHB_0qqe1Tm-nZj6jVhHNHpoxK9Rz6ViKcNe4wQml3APRbGRKLeVUuJZtU8tSVbt0ZGQnyfyAnSPonCkLDlm-tudO3vXwP4TPae2KUFgAVBHxqTLk0Vvh20NOowzZJbSt5YsnrTDkWDTKlaK-mO', 'width': 3024}]",,4.2,163.0,,,8642e44e7ffffff
OPERATIONAL,"{'location': {'lat': 24.8398134, 'lng': 67.184359}, 'viewport': {'northeast': {'lat': 24.8411029302915, 'lng': 67.1857553302915}, 'southwest': {'lat': 24.8384049697085, 'lng': 67.18305736970848}}}",https://maps.gstatic.com/mapfiles/place_api/icons/v1/png_71/cafe-71.png,#FF9E67,https://maps.gstatic.com/mapfiles/place_api/icons/v2/cafe_pinlet,VIP Cafee Hotel,ChIJYVVWrCg7sz4RMz1PrJJhR1o,ChIJYVVWrCg7sz4RMz1PrJJhR1o,GOOGLE,"['cafe', 'food', 'point_of_interest', 'establishment']","Shop no 2 Street no 1, 37A Road, Area Pir Bukhari Colony Sector 37 A Landhi Town, Karachi","[{'height': 3264, 'html_attributions': ['<a href=""https://maps.google.com/maps/contrib/118402200755156052196"">Khaloo Khushak</a>'], 'photo_reference': 'AUGGfZlmPNYUYdyR1DIJ-7-MsLR5VbmeCNQAZPlf6GgDPAUwmjcN73VYID_8iZg_9TlZKW6LurossUUf7n-lxPVwA1H3SBiiNofhAFoJulYwdKisx8rmJMNYn6mB-iERo5OyB5ZZWNT6LTt1yj1KVMJG-SJ-fDxuOt4MZJA6E4MUJI2dAj3C', 'width': 2448}]","{'compound_code': 'R5QM+WP Landhi Town, Karachi, Pakistan', 'global_code': '7JP9R5QM+WP'}",2.0,1.0,{'open_now': True},,8642e44e7ffffff
OPERATIONAL,"{'location': {'lat': 24.8407969, 'lng': 67.1887658}, 'viewport': {'northeast': {'lat': 24.8421464802915, 'lng': 67.19006568029151}, 'southwest': {'lat': 24.8394485197085, 'lng': 67.1873677197085}}}",https://maps.gstatic.com/mapfiles/place_api/icons/v1/png_71/cafe-71.png,#FF9E67,https://maps.gstatic.com/mapfiles/place_api/icons/v2/cafe_pinlet,Cafe mateeullah piyala hotel,ChIJO2iaBrw7sz4RgwDYefE4jJk,ChIJO2iaBrw7sz4RgwDYefE4jJk,GOOGLE,"['cafe', 'food', 'point_of_interest', 'establishment']","R5RQ+8G6, Sector 37 C Landhi 2, Karachi","[{'height': 700, 'html_attributions': ['<a href=""https://maps.google.com/maps/contrib/104019586135215943102"">Sadiq Khan</a>'], 'photo_reference': 'AUGGfZlUak5dbnOdLcnVvWorCrWpTlSHZ9gGnCQP9eiNDWdn42JWD1zTupzdW36bTLCoDvhkJGWSdgmJ6aQFesPy02T-kz60885CV2s1bMj5PpSOt-hPIileu4rw99mv119GhTj9X-C8G3eQp-kpYEu_lSyVgGdXfTH6hYo6n5WgmFzebC7Y', 'width': 715}]",,5.0,2.0,{'open_now': True},,8642e44e7ffffff
OPERATIONAL,"{'location': {'lat': 24.8565516, 'lng': 67.2005291}, 'viewport': {'northeast': {'lat': 24.85789553029151, 'lng': 67.2018816802915}, 'southwest': {'lat': 24.8551975697085, 'lng': 67.1991837197085}}}",https://maps.gstatic.com/mapfiles/place_api/icons/v1/png_71/cafe-71.png,#FF9E67,https://maps.gstatic.com/mapfiles/place_api/icons/v2/cafe_pinlet,Noorani Burger Point,ChIJl_38aMkxsz4RAyP61XAkoog,ChIJl_38aMkxsz4RAyP61XAkoog,GOOGLE,"['cafe', 'food', 'point_of_interest', 'establishment']","V642+J6C, Main Road, Future Colony Landhi Town, Karachi","[{'height': 1728, 'html_attributions': ['<a href=""https://maps.google.com/maps/contrib/115077800635588759365"">Ahmad Kasuri</a>'], 'photo_reference': 'AUGGfZnOddwI2HqbVu6Tm3-vS7AYGgunWupHFb3rJZrYv5vzN9XOHpBrNgoLzenP6LO33dvG8Fj-ukM3hSkrk5ZGUL_J1sDQHFqfmg-O5HdKUgPJKHGTUk1TjgfFsUbgcyzmqYfFp8HM57wyL1ng1ZLRsnN4cGRIjGXkD1M5M0-f8ovj6KmD', 'width': 3936}]",,4.4,48.0,{'open_now': True},,8642e44e7ffffff
OPERATIONAL,"{'location': {'lat': 24.8745375, 'lng': 67.1857656}, 'viewport': {'northeast': {'lat': 24.8759167802915, 'lng': 67.1870526802915}, 'southwest': {'lat': 24.8732188197085, 'lng': 67.1843547197085}}}",https://maps.gstatic.com/mapfiles/place_api/icons/v1/png_71/cafe-71.png,#FF9E67,https://maps.gstatic.com/mapfiles/place_api/icons/v2/cafe_pinlet,New Quetta darbar hotel coila chai,ChIJgckIXQA7sz4R6svF7RbcUF8,ChIJgckIXQA7sz4R6svF7RbcUF8,GOOGLE,"['cafe', 'food', 'point_of_interest', 'establishment']","V5FP+R86, Anwar-e-Ibrahim Anwar E Ibarhim Bagh e Ibrahim Society Shah Faisal Colony, Karachi","[{'height': 468, 'html_attributions': ['<a href=""https://maps.google.com/maps/contrib/101925734190609153301"">Anam Siddiqui</a>'], 'photo_reference': 'AUGGfZnbbIuUg8NKoodTNFfP2SUxl16aMjjZAnhikKF3QRgeY37FAkScT_KpHw4Tw19B1oxm4-atFnC3TEeSGmg8Xro5AjoHz2QAWmT-6_Hn42kz9XzCBgb0poUIsa1z7sMt477vevNyqMrisuaURRm3F5Uzf7k-B8fSHgPP4VyFrAm9mzr-', 'width': 1040}]",,5.0,2.0,,,8642e44e7ffffff
OPERATIONAL,"{'location': {'lat': 24.8438666, 'lng': 67.1947337}, 'viewport': {'northeast': {'lat': 24.8452848302915, 'lng': 67.19606473029151}, 'southwest': {'lat': 24.84258686970849, 'lng': 67.1933667697085}}}",https://maps.gstatic.com/mapfiles/place_api/icons/v1/png_71/cafe-71.png,#FF9E67,https://maps.gstatic.com/mapfiles/place_api/icons/v2/cafe_pinlet,Pyala Hotel,ChIJ_8sgo5wwsz4RWUv_snapqHc,ChIJ_8sgo5wwsz4RWUv_snapqHc,GOOGLE,"['cafe', 'restaurant', 'food', 'point_of_interest', 'establishment']","C-1, 4 Landhi Road, Sector 37 D Landhi Town, Karachi","[{'height': 3120, 'html_attributions': ['<a href=""https://maps.google.com/maps/contrib/114919088512102874054"">Sabir Shah</a>'], 'photo_reference': 'AUGGfZmPr5t6dFRhGKghQVnrgUDlkPfShoulfP-AuKVH99kM8LssJqAM31yICIGcgM9nbSgiDUTB2zgJZtiF1N63HWtWobUVkkaFFeXF9Ygk7YWU7wAQvvj92xW4C997QCD5MpLFmGVN8nH45tKvHYxHld7Dah_itPXiYCgjuTCEhbGL7gEN', 'width': 4160}]","{'compound_code': 'R5VV+GV Landhi Town, Karachi, Pakistan', 'global_code': '7JP9R5VV+GV'}",4.2,492.0,{'open_now': True},1.0,8642e44e7ffffff
OPERATIONAL,"{'location': {'lat': 24.8461885, 'lng': 67.1969933}, 'viewport': {'northeast': {'lat': 24.84750238029151, 'lng': 67.1983500802915}, 'southwest': {'lat': 24.8448044197085, 'lng': 67.1956521197085}}}",https://maps.gstatic.com/mapfiles/place_api/icons/v1/png_71/cafe-71.png,#FF9E67,https://maps.gstatic.com/mapfiles/place_api/icons/v2/cafe_pinlet,Saif chips corner,ChIJwyJp6awxsz4Rnb9xhK-PSl8,ChIJwyJp6awxsz4Rnb9xhK-PSl8,GOOGLE,"['cafe', 'food', 'point_of_interest', 'establishment']","R5WW+FQH, Sector 37 B Landhi Town, Karachi","[{'height': 422, 'html_attributions': ['<a href=""https://maps.google.com/maps/contrib/117504140643996693278"">Ali Sheikh</a>'], 'photo_reference': 'AUGGfZmCR_1jyHP9DrbJzAna4KpLbQDEkbD645AjTYpqKa6svX1rwtG8qq0H8bAXSfQcTo9-DxIpJq-nlx_mNtfqIaq1fiba1SHTLJmEdqWisqxOmcVK6wIxR_Xh9n7OVzQGx-s_SH92Ajtq3Vz87XDqZdNaAol3pxLBsUekYUFFG7bktBxp', 'width': 719}]",,4.8,14.0,{'open_now': True},,8642e44e7ffffff
OPERATIONAL,"{'location': {'lat': 24.8707538, 'lng': 67.19423119999999}, 'viewport': {'northeast': {'lat': 24.8720547802915, 'lng': 67.1955297802915}, 'southwest': {'lat': 24.8693568197085, 'lng': 67.19283181970849}}}",https://maps.gstatic.com/mapfiles/place_api/icons/v1/png_71/cafe-71.png,#FF9E67,https://maps.gstatic.com/mapfiles/place_api/icons/v2/cafe_pinlet,New Quetta Innayatullah Hotel,ChIJi5ltgN4xsz4ROJS8fr1sLcs,ChIJi5ltgN4xsz4ROJS8fr1sLcs,GOOGLE,"['cafe', 'food', 'point_of_interest', 'establishment']","V5CV+8M5, Unnamed Road, Gohar Green City Bagh e Ibrahim Society Shah Faisal Colony, Shah Faisal Town",,,3.0,2.0,,,8642e44e7ffffff
OPERATIONAL,"{'location': {'lat': 24.8385391, 'lng': 67.1784181}, 'viewport': {'northeast': {'lat': 24.8398813302915, 'lng': 67.1797666802915}, 'southwest': {'lat': 24.8371833697085, 'lng': 67.17706871970849}}}",https://maps.gstatic.com/mapfiles/place_api/icons/v1/png_71/cafe-71.png,#FF9E67,https://maps.gstatic.com/mapfiles/place_api/icons/v2/cafe_pinlet,Caffe Faisal,ChIJb2TWIAA7sz4RybdZCAW0Mtg,ChIJb2TWIAA7sz4RybdZCAW0Mtg,GOOGLE,"['cafe', 'food', 'store', 'point_of_interest', 'establishment']","R5QH+FCV, Sector 36 D Landhi Town, Karachi",,,,,,,8642e44e7ffffff
OPERATIONAL,"{'location': {'lat': 24.8709108, 'lng': 67.1948213}, 'viewport': {'northeast': {'lat': 24.8722854802915, 'lng': 67.1961457302915}, 'southwest': {'lat': 24.86958751970849, 'lng': 67.1934477697085}}}",https://maps.gstatic.com/mapfiles/place_api/icons/v1/png_71/cafe-71.png,#FF9E67,https://maps.gstatic.com/mapfiles/place_api/icons/v2/cafe_pinlet,Khameesa hotel,ChIJgYPUKeExsz4RLyEagyYHOfM,ChIJgYPUKeExsz4RLyEagyYHOfM,GOOGLE,"['cafe', 'food', 'point_of_interest', 'establishment']","V5CV+9W8, Gohar Green City Bagh e Ibrahim Society Shah Faisal Colony, Karachi",,,2.0,1.0,{'open_now': True},,8642e44e7ffffff
OPERATIONAL,"{'location': {'lat': 24.8389664, 'lng': 67.1741948}, 'viewport': {'northeast': {'lat': 24.8403255302915, 'lng': 67.17558873029151}, 'southwest': {'lat': 24.8376275697085, 'lng': 67.17289076970849}}}",https://maps.gstatic.com/mapfiles/place_api/icons/v1/png_71/cafe-71.png,#FF9E67,https://maps.gstatic.com/mapfiles/place_api/icons/v2/cafe_pinlet,Babu Chai Cafe,ChIJNbf5g2U6sz4RkLn8Q_5YoWw,ChIJNbf5g2U6sz4RkLn8Q_5YoWw,GOOGLE,"['cafe', 'food', 'point_of_interest', 'establishment']","Building # 2,Area 35.B,landhi Doubke Rd,Karachi 75120, 36-B Double Road, Pak Muslim Burmees Colony Sector 36 G Landhi Town, Karachi","[{'height': 640, 'html_attributions': ['<a href=""https://maps.google.com/maps/contrib/111308203361558969733"">Nasir Nasir</a>'], 'photo_reference': 'AUGGfZmP9YMzusfeRD2QQF06AxmOUvhPC83RNHYy4RX7RDuzgxSnMqyPUyKF29kj9KGIAaUytxCQI3pq4l_d_7evi-tFWoVtF035WYaabGaFti4Qg0_t7VsLf-ZdNHV9SZgxl2YWkMnhR8TjXXArlQV2B-7kFkP7zYXCjR1zZ7w0qdE7LnA8', 'width': 640}]","{'compound_code': 'R5QF+HM Landhi Town, Karachi, Pakistan', 'global_code': '7JP9R5QF+HM'}",4.0,79.0,{'open_now': True},1.0,8642e44e7ffffff
OPERATIONAL,"{'location': {'lat': 24.875769, 'lng': 67.1776161}, 'viewport': {'northeast': {'lat': 24.87709248029151, 'lng': 67.17888843029151}, 'southwest': {'lat': 24.8743945197085, 'lng': 67.17619046970849}}}",https://maps.gstatic.com/mapfiles/place_api/icons/v1/png_71/cafe-71.png,#FF9E67,https://maps.gstatic.com/mapfiles/place_api/icons/v2/cafe_pinlet,Quetta Marhaba hotel,ChIJbUq83Og5sz4R1LlYpwOg9Dk,ChIJbUq83Og5sz4R1LlYpwOg9Dk,GOOGLE,"['cafe', 'food', 'store', 'point_of_interest', 'establishment']",Karachi,,"{'compound_code': 'V5GH+82 Shah Faisal Town, Pakistan', 'global_code': '7JP9V5GH+82'}",,,{'open_now': True},,8642e44e7ffffff
OPERATIONAL,"{'location': {'lat': 24.8755924, 'lng': 67.18546260000001}, 'viewport': {'northeast': {'lat': 24.8768951802915, 'lng': 67.18682623029152}, 'southwest': {'lat': 24.8741972197085, 'lng': 67.1841282697085}}}",https://maps.gstatic.com/mapfiles/place_api/icons/v1/png_71/cafe-71.png,#FF9E67,https://maps.gstatic.com/mapfiles/place_api/icons/v2/cafe_pinlet,POTATOS,ChIJo9Jj3sE5sz4R3SOvxK3skHQ,ChIJo9Jj3sE5sz4R3SOvxK3skHQ,GOOGLE,"['cafe', 'food', 'point_of_interest', 'establishment']","Pizza Meal, Jamia Millia Road, Bagh e Ibrahim Society Shah Faisal Colony, Karachi","[{'height': 4160, 'html_attributions': ['<a href=""https://maps.google.com/maps/contrib/101060821116725374595"">Ashraf Ali</a>'], 'photo_reference': 'AUGGfZlpiVOAyU0SrMmp7Cti8YuHjeAXtVpeGA7DzgK5bDd4Yy6d5HIqIJtq7AnIMHc4CJTTwLxs4PG12KDj7Vpmxgs8UMDxg6T5rc3Fs3sy9m5NTjszRi0avJL-d-qyS-S0IL1fgCLbzHzOU5Z8dEGdyyKHv1XgYLvs7nOtHGksVDtfJOC_', 'width': 3120}]",,3.5,6.0,,,8642e44e7ffffff
OPERATIONAL,"{'location': {'lat': 24.8439278, 'lng': 67.1652653}, 'viewport': {'northeast': {'lat': 24.8452236302915, 'lng': 67.16662703029151}, 'southwest': {'lat': 24.84252566970849, 'lng': 67.16392906970849}}}",https://maps.gstatic.com/mapfiles/place_api/icons/v1/png_71/cafe-71.png,#FF9E67,https://maps.gstatic.com/mapfiles/place_api/icons/v2/cafe_pinlet,Cafe Thanvi کیفے تھانوی,ChIJryDku-M7sz4RmdeXaGuS-BU,ChIJryDku-M7sz4RmdeXaGuS-BU,GOOGLE,"['cafe', 'food', 'point_of_interest', 'establishment']","R5V8+H4C, Sector 28 Landhi Town, Karachi",,,4.4,13.0,{'open_now': True},,8642e44e7ffffff
OPERATIONAL,"{'location': {'lat': 24.8405428, 'lng': 67.1917855}, 'viewport': {'northeast': {'lat': 24.8419378302915, 'lng': 67.1931348302915}, 'southwest': {'lat': 24.8392398697085, 'lng': 67.19043686970849}}}",https://maps.gstatic.com/mapfiles/place_api/icons/v1/png_71/cafe-71.png,#FF9E67,https://maps.gstatic.com/mapfiles/place_api/icons/v2/cafe_pinlet,Adeel Swati Cafe,ChIJZ2CpnDIxsz4RMC-LBLNQLck,ChIJZ2CpnDIxsz4RMC-LBLNQLck,GOOGLE,"['cafe', 'food', 'store', 'point_of_interest', 'establishment']","R5RR+6P7, Landhi Road, Sector 33 A Korangi, Karachi","[{'height': 4608, 'html_attributions': ['<a href=""https://maps.google.com/maps/contrib/112854453308401204946"">Adeel Swati</a>'], 'photo_reference': 'AUGGfZnVOqaWN3owiqTWKzym8AnghEaFFOYrcW8I5RcX_eVa9CmF9qnV8myPJDt_QkNqEl_cBOx18lAJhtN6WZM7r92VNnLRGkRmwqjHlLbPfEY4sP3mTlnPkBmATYmflOWW_qdMfjC8441m0RR-20XWWyVCZ9mGRC8i2UhxvaxPtpC8OunU', 'width': 2076}]",,5.0,5.0,{'open_now': True},,8642e44e7ffffff
OPERATIONAL,"{'location': {'lat': 24.8439375, 'lng': 67.16506249999999}, 'viewport': {'northeast': {'lat': 24.8453233802915, 'lng': 67.1664026802915}, 'southwest': {'lat': 24.8426254197085, 'lng': 67.16370471970849}}}",https://maps.gstatic.com/mapfiles/place_api/icons/v1/png_71/cafe-71.png,#FF9E67,https://maps.gstatic.com/mapfiles/place_api/icons/v2/cafe_pinlet,Al quds Cafe کیفے القدس,ChIJfUN5_Aw7sz4RyKTdwCYKdmc,ChIJfUN5_Aw7sz4RyKTdwCYKdmc,GOOGLE,"['cafe', 'lodging', 'food', 'point_of_interest', 'establishment']","Sector 28, Karachi","[{'height': 4160, 'html_attributions': ['<a href=""https://maps.google.com/maps/contrib/112728052081487297957"">Al quds Cafe کیفے القدس</a>'], 'photo_reference': 'AUGGfZkG1eHgeo8aUv2UU-Uv2q3UPZVTK7UU1TtxC-OGHJagQ1PBzzaGMGqHbvcMfAQsDk9gBZd1DblKB1OzqJML-268d88L_zq1vByftD0M6KhkT8AtF_ycaiXjj5CltvNh0fee65VrIpQPcYD-fFQnDoA8jBq9lkJ4gS1-oNw9wAMMRizx', 'width': 1968}]","{'compound_code': 'R5V8+H2 Sector 28 Karachi, Pakistan', 'global_code': '7JP9R5V8+H2'}",3.0,5.0,{'open_now': True},,8642e44e7ffffff
OPERATIONAL,"{'location': {'lat': 24.8375666, 'lng': 67.1790255}, 'viewport': {'northeast': {'lat': 24.8389506302915, 'lng': 67.1803517802915}, 'southwest': {'lat': 24.8362526697085, 'lng': 67.1776538197085}}}",https://maps.gstatic.com/mapfiles/place_api/icons/v1/png_71/cafe-71.png,#FF9E67,https://maps.gstatic.com/mapfiles/place_api/icons/v2/cafe_pinlet,RJ Network,ChIJ33-Z_no6sz4RaoZQJtXegLA,ChIJ33-Z_no6sz4RaoZQJtXegLA,GOOGLE,"['cafe', 'food', 'point_of_interest', 'establishment']","Bismillah Market, Road, Sector 36 D Landhi Town, Karachi","[{'height': 1280, 'html_attributions': ['<a href=""https://maps.google.com/maps/contrib/110458461195620104421"">Rashid Khan</a>'], 'photo_reference': 'AUGGfZksGZmIoBIFbbE0I5dx6RLTC1y7Cpniyo9Yhi0Ma_Zaj34kTFayTwqTrtSicPJkiWzkCaanPSraebDD_qJZskUwVtCXl0W1F0oUe80mVtWSR7qMmkHJbgoVmNCJ7vVkihO-1i43O0BImtNTCfrSe_k4123JcKyV1QiS3myKpIbqdQFx', 'width': 960}]",,3.9,41.0,{'open_now': True},,8642e44e7ffffff
OPERATIONAL,"{'location': {'lat': 24.8739714, 'lng': 67.17023449999999}, 'viewport': {'northeast': {'lat': 24.8753339802915, 'lng': 67.17158813029151}, 'southwest': {'lat': 24.87263601970849, 'lng': 67.1688901697085}}}",https://maps.gstatic.com/mapfiles/place_api/icons/v1/png_71/cafe-71.png,#FF9E67,https://maps.gstatic.com/mapfiles/place_api/icons/v2/cafe_pinlet,Rana da dhaba,ChIJF2HNaEs5sz4R6NhQ6oGthXM,ChIJF2HNaEs5sz4R6NhQ6oGthXM,GOOGLE,"['cafe', 'food', 'store', 'point_of_interest', 'establishment']","V5FC+92C, Millat Town Gulfishan Society Shah Faisal Colony, Karachi","[{'height': 1080, 'html_attributions': ['<a href=""https://maps.google.com/maps/contrib/114041119913811762820"">faizan nazim</a>'], 'photo_reference': 'AUGGfZkII4HA1NobHG5fnUtNd6F6QftuaUtnY9LppfQT8KAIg6E5IVuQ9WD0f-_Tox-zRx7niSKJA0654LfdR0X28ZCAW7NLB_fNkqry3NgRqK6FtJDJLfuKW49JKJRIUbgEDkIg0ccUV2nKQk6MHy945yaGgXbia7_3n5Erml4Cfp-7mNLk', 'width': 1920}]",,4.4,8.0,{'open_now': True},,8642e44e7ffffff
OPERATIONAL,"{'location': {'lat': 24.8567435, 'lng': 67.2025984}, 'viewport': {'northeast': {'lat': 24.8581389802915, 'lng': 67.2039157302915}, 'southwest': {'lat': 24.8554410197085, 'lng': 67.20121776970849}}}",https://maps.gstatic.com/mapfiles/place_api/icons/v1/png_71/cafe-71.png,#FF9E67,https://maps.gstatic.com/mapfiles/place_api/icons/v2/cafe_pinlet,Contiletal Hotel,ChIJMXjP6uQxsz4RX7WlKxTRa48,ChIJMXjP6uQxsz4RX7WlKxTRa48,GOOGLE,"['cafe', 'food', 'store', 'point_of_interest', 'establishment']","115 Street Number 4, Future Colony B Area Landhi Town, Karachi",,"{'compound_code': 'V643+M2 Landhi Town, Karachi, Pakistan', 'global_code': '7JP9V643+M2'}",,,,,8642e44e7ffffff
OPERATIONAL,"{'location': {'lat': 24.847491, 'lng': 67.1999568}, 'viewport': {'northeast': {'lat': 24.8488447302915, 'lng': 67.2013223802915}, 'southwest': {'lat': 24.8461467697085, 'lng': 67.19862441970848}}}",https://maps.gstatic.com/mapfiles/place_api/icons/v1/png_71/cafe-71.png,#FF9E67,https://maps.gstatic.com/mapfiles/place_api/icons/v2/cafe_pinlet,Waseem Chaiwala,ChIJ15lb394xsz4RygvG2Gge9PI,ChIJ15lb394xsz4RygvG2Gge9PI,GOOGLE,"['cafe', 'food', 'point_of_interest', 'establishment']","R5WX+XXW, Landhi 1, Sector 37 D Landhi Town, Karachi","[{'height': 2076, 'html_attributions': ['<a href=""https://maps.google.com/maps/contrib/109629351483190792656"">Muhammad Rehan Siddiqui</a>'], 'photo_reference': 'AUGGfZlwAkfa-LEZRwqqAWwsEAj1IwJcFD1nR5zQUwSYEWabczU8kEU_2Gr7RXPY7cDRBtxJRLA8o8C2I8k2UOZd3H4gaNrD5XfcfQkxCR2dt2EBaALwapxlkTRgi1dE9bubkgtwct32dkCu0Mi_Mkgk4PNPMxYnoSDTjjtbRB_QxoMp3Fit', 'width': 4608}]",,4.4,7.0,{'open_now': True},,8642e44e7ffffff
OPERATIONAL,"{'location': {'lat': 24.8766369, 'lng': 67.17707539999999}, 'viewport': {'northeast': {'lat': 24.8779971302915, 'lng': 67.1784557802915}, 'southwest': {'lat': 24.8752991697085, 'lng': 67.1757578197085}}}",https://maps.gstatic.com/mapfiles/place_api/icons/v1/png_71/cafe-71.png,#FF9E67,https://maps.gstatic.com/mapfiles/place_api/icons/v2/cafe_pinlet,"Ideal Burger, fast food and BBQ",ChIJd6TvqFY5sz4RhUPdKJ-NfKU,ChIJd6TvqFY5sz4RhUPdKJ-NfKU,GOOGLE,"['cafe', 'food', 'point_of_interest', 'establishment']","adjacent Alfala, Alflah Housing Society, Karachi","[{'height': 6936, 'html_attributions': ['<a href=""https://maps.google.com/maps/contrib/103453588419473300166"">Adnan Bashir</a>'], 'photo_reference': 'AUGGfZldlTdG0sv3FGtJ9U-zjUhUlX4Pp1yEO26necexdcTVxppP-auid5zHrXnkBT8FfJ2M3AuB5iogtZNnqgLDFOborNuRDzPDOiFNzT-UrH2LW5dzQ1vvYB2Uf7s998R3vSkntjK3Z1qaZhu0vqdYfz6xPDTH3AQoKwfOrRXCGrqV9W22', 'width': 9248}]","{'compound_code': 'V5GG+MR Alflah Housing Society Al Falah Society Shah Faisal Colony, Pakistan', 'global_code': '7JP9V5GG+MR'}",4.6,11.0,{'open_now': False},,8642e44e7ffffff
OPERATIONAL,"{'location': {'lat': 24.8381218, 'lng': 67.18856029999999}, 'viewport': {'northeast': {'lat': 24.8394306802915, 'lng': 67.1898929802915}, 'southwest': {'lat': 24.8367327197085, 'lng': 67.1871950197085}}}",https://maps.gstatic.com/mapfiles/place_api/icons/v1/png_71/cafe-71.png,#FF9E67,https://maps.gstatic.com/mapfiles/place_api/icons/v2/cafe_pinlet,New Quetta Hotel,ChIJDTY2WvA7sz4RdNlfNlMgXB8,ChIJDTY2WvA7sz4RdNlfNlMgXB8,GOOGLE,"['cafe', 'food', 'point_of_interest', 'establishment']","R5QQ+6CV, Khawaja Ajmer Colony Sector 37 C Landhi Town, Karachi","[{'height': 3456, 'html_attributions': ['<a href=""https://maps.google.com/maps/contrib/113565543521794862572"">AGHALALI AF</a>'], 'photo_reference': 'AUGGfZk87NU1oRBT6mgH2aRH8m2FezNL0YvzuBLcHsiowx_uKBuYu0XK23jwo2_nTisATQOCbMb4HPVOTT6MS0AWEGv9g6D6D8Cbk2NdwJzvHYKmwvl3BAaxL2SbrK6ACtM1WgFjCo3xN2AN4DD2V1QysqClCnDfEQtEnG8976H2iDqPtBpd', 'width': 4608}]",,4.0,1.0,,,8642e44e7ffffff
OPERATIONAL,"{'location': {'lat': 24.8379775, 'lng': 67.1728186}, 'viewport': {'northeast': {'lat': 24.8393300802915, 'lng': 67.1741656302915}, 'southwest': {'lat': 24.8366321197085, 'lng': 67.17146766970849}}}",https://maps.gstatic.com/mapfiles/place_api/icons/v1/png_71/cafe-71.png,#FF9E67,https://maps.gstatic.com/mapfiles/place_api/icons/v2/cafe_pinlet,Lucky star chai house,ChIJCxztPjg7sz4RKUEBu6TDAbI,ChIJCxztPjg7sz4RKUEBu6TDAbI,GOOGLE,"['cafe', 'food', 'point_of_interest', 'establishment']","R5QF+54W, 362 Road, Pak Muslim Burmees Colony Sector 36 G Landhi Town, Karachi","[{'height': 721, 'html_attributions': ['<a href=""https://maps.google.com/maps/contrib/100345428443138958616"">Erum Ki Duniya</a>'], 'photo_reference': 'AUGGfZl4NulpvOGbV3x7YIZ3NYFgFLuF4jmUD6slF-9uJeIQRQcJ0gBM7HUk7YlwIcBmavNVui03kjyUWG1ZsGm69l5UqonHFsja6Sym5p5vrxFYIPUAslKJHURmlJ8MPdhj6pWBBGbhqkcWJQu4lp3PlIQji1RJNqtzzPkTQVaEth7wd5XA', 'width': 1280}]",,4.4,9.0,{'open_now': True},,8642e44e7ffffff
OPERATIONAL,"{'location': {'lat': 24.8731699, 'lng': 67.1670302}, 'viewport': {'northeast': {'lat': 24.87451848029151, 'lng': 67.1683802302915}, 'southwest': {'lat': 24.8718205197085, 'lng': 67.16568226970848}}}",https://maps.gstatic.com/mapfiles/place_api/icons/v1/png_71/restaurant-71.png,#FF9E67,https://maps.gstatic.com/mapfiles/place_api/icons/v2/restaurant_pinlet,Madni bakers,ChIJtWSXGoI5sz4RzqawTcpKsfQ,ChIJtWSXGoI5sz4RzqawTcpKsfQ,GOOGLE,"['bakery', 'cafe', 'food', 'store', 'point_of_interest', 'establishment']","Gulfishan Society Gulfishan housing society, Karachi","[{'height': 4032, 'html_attributions': ['<a href=""https://maps.google.com/maps/contrib/104624762229169807215"">aftab sipra</a>'], 'photo_reference': 'AUGGfZnjth75QRm7WI9qG91k-OYDk1Uv9f6j7wz67iTvvF88sFumyNnKxEvi5J-MYzuWX3PPwEF7apOMHWWabncaBWbq8Hn22IQSbds0oN0Wl1c8fUXNEH-1r-OGrCDSJgY9URapG-da1AHk17R0yhU0B8Jzz8m7C8EjPAiAdvyd86dbJbxj', 'width': 1960}]","{'compound_code': 'V5F8+7R Gulfishan Society Shah Faisal Colony, Pakistan', 'global_code': '7JP9V5F8+7R'}",4.1,9.0,{'open_now': True},,8642e44e7ffffff
OPERATIONAL,"{'location': {'lat': 24.8406995, 'lng': 67.19461629999999}, 'viewport': {'northeast': {'lat': 24.8420514802915, 'lng': 67.19596983029152}, 'southwest': {'lat': 24.83935351970849, 'lng': 67.19327186970851}}}",https://maps.gstatic.com/mapfiles/place_api/icons/v1/png_71/cafe-71.png,#FF9E67,https://maps.gstatic.com/mapfiles/place_api/icons/v2/cafe_pinlet,New Quetta Cafe Chaman Hotel,ChIJrQShUagxsz4ResArQncideA,ChIJrQShUagxsz4ResArQncideA,GOOGLE,"['cafe', 'food', 'point_of_interest', 'establishment']","R5RV+6R5, Sector 37 D Landhi Town, Karachi","[{'height': 1080, 'html_attributions': ['<a href=""https://maps.google.com/maps/contrib/113892756737014283450"">Shaikh Noman Nasir</a>'], 'photo_reference': 'AUGGfZn_9hAETL7sEj2Gx4m04F05d9QB8GhZzAZV2Mfq26jzZQL_0wk39PFskaI9vWDuIchNUYFAeGdaQrOu3iDQYvW9uScrOcr3LrFJDOB9cy7kewFlEehVxa5A2Hq6U0vB2xT9N2aB2ANn6-fIh_lBZApa-cQBDOjt3T6P8p3g5ge-c6Gb', 'width': 1920}]",,4.3,4.0,,,8642e44e7ffffff
OPERATIONAL,"{'location': {'lat': 24.8379745, 'lng': 67.1897264}, 'viewport': {'northeast': {'lat': 24.8393359802915, 'lng': 67.1910930302915}, 'southwest': {'lat': 24.8366380197085, 'lng': 67.18839506970848}}}",https://maps.gstatic.com/mapfiles/place_api/icons/v1/png_71/cafe-71.png,#FF9E67,https://maps.gstatic.com/mapfiles/place_api/icons/v2/cafe_pinlet,Toseef Paan Shop,ChIJExkQYkExsz4R8AFKzpO6_vA,ChIJExkQYkExsz4R8AFKzpO6_vA,GOOGLE,"['cafe', 'food', 'point_of_interest', 'establishment']","R5QQ+5VQ, Unnamed Road, Khawaja Ajmer Colony Sector 37 C Landhi Town, Karachi",,,4.2,9.0,,,8642e44e7ffffff
OPERATIONAL,"{'location': {'lat': 24.8389293, 'lng': 67.1695522}, 'viewport': {'northeast': {'lat': 24.8402687802915, 'lng': 67.17085118029149}, 'southwest': {'lat': 24.8375708197085, 'lng': 67.16815321970849}}}",https://maps.gstatic.com/mapfiles/place_api/icons/v1/png_71/cafe-71.png,#FF9E67,https://maps.gstatic.com/mapfiles/place_api/icons/v2/cafe_pinlet,Super Pyala Café,ChIJN5B7nGg6sz4R22sh4CF1LCQ,ChIJN5B7nGg6sz4R22sh4CF1LCQ,GOOGLE,"['cafe', 'food', 'point_of_interest', 'establishment']","R5Q9+HRF, Pak Muslim Burmees Colony Sector 36 G Landhi Town, Karachi",,,4.0,23.0,{'open_now': True},,8642e44e7ffffff
OPERATIONAL,"{'location': {'lat': 24.8775877, 'lng': 67.1766322}, 'viewport': {'northeast': {'lat': 24.8789461802915, 'lng': 67.17801608029151}, 'southwest': {'lat': 24.8762482197085, 'lng': 67.1753181197085}}}",https://maps.gstatic.com/mapfiles/place_api/icons/v1/png_71/cafe-71.png,#FF9E67,https://maps.gstatic.com/mapfiles/place_api/icons/v2/cafe_pinlet,Afghani nan,ChIJa5nWIEg5sz4R_7KTIowoE_A,ChIJa5nWIEg5sz4R_7KTIowoE_A,GOOGLE,"['cafe', 'food', 'store', 'point_of_interest', 'establishment']","Afghani nan, 9 Alfalah Society Road, Al Falah Society شاہ فیصل کالونی, کراچی",,"{'compound_code': 'V5HG+2M Shah Faisal Colony, Karachi, Pakistan', 'global_code': '7JP9V5HG+2M'}",5.0,1.0,,,8642e44e7ffffff
OPERATIONAL,"{'location': {'lat': 24.8360327, 'lng': 67.1792366}, 'viewport': {'northeast': {'lat': 24.83735203029151, 'lng': 67.18055133029151}, 'southwest': {'lat': 24.8346540697085, 'lng': 67.17785336970849}}}",https://maps.gstatic.com/mapfiles/place_api/icons/v1/png_71/cafe-71.png,#FF9E67,https://maps.gstatic.com/mapfiles/place_api/icons/v2/cafe_pinlet,Cafe Landhi Chiragh Hotel,ChIJv3HPLhw7sz4RSgMmIYydlp4,ChIJv3HPLhw7sz4RSgMmIYydlp4,GOOGLE,"['cafe', 'food', 'point_of_interest', 'establishment']","chirage hotel, near pakiza pakwan, Sector 36 E Landhi Town, Karachi","[{'height': 4080, 'html_attributions': ['<a href=""https://maps.google.com/maps/contrib/118402200755156052196"">Khaloo Khushak</a>'], 'photo_reference': 'AUGGfZkcH_NtkHYMqMB_s2X3H2owkP-A5NPwbP_e1NoP68iai6-hPH3T3lxqg4dgJXl7uMj3FYBIKZrm-SlbaWyvnyH9pZJcxrIU7liebRbpcIJbmw24slO4MT0qlcWBRd13pyEkjpKkSGbo87p1Bh4Azjuc0TlOYb_0vbF6k8JCjubxK2jd', 'width': 3072}]",,4.7,6.0,{'open_now': True},,8642e44e7ffffff
