business_status,geometry,icon,icon_background_color,icon_mask_base_uri,name,opening_hours,photos,place_id,reference,scope,types,vicinity,rating,user_ratings_total,plus_code,price_level,hex_id
OPERATIONAL,"{'location': {'lat': 24.9221579, 'lng': 67.13711140000001}, 'viewport': {'northeast': {'lat': 24.9234837302915, 'lng': 67.1384371802915}, 'southwest': {'lat': 24.92078576970849, 'lng': 67.13573921970848}}}",https://maps.gstatic.com/mapfiles/place_api/icons/v1/png_71/cafe-71.png,#FF9E67,https://maps.gstatic.com/mapfiles/place_api/icons/v2/cafe_pinlet,New quetta zam zam peyala hotel,{'open_now': True},"[{'height': 1080, 'html_attributions': ['<a href=""https://maps.google.com/maps/contrib/113366541171434370530"">Amir ali Jokhio</a>'], 'photo_reference': 'AUGGfZm9KPjfNgUYO8NJPlIfQ3Av5ZhcBbZdbwjkTiLjtKK4DCVjuTt4P0Jznh7rni6r3uEN-GskIb3UoJ-6Lku8dW5edL-DPIiSbyeF15XaJGIdAWqaBoOtLWz8vROw61tXqejZ5OXioc8E3uFs0GIRpWrcWd_Ga_BGhFpU7EfixK1AwfEr', 'width': 1920}]",ChIJc_YGcgA5sz4RwXXpAgAN3i4,ChIJc_YGcgA5sz4RwXXpAgAN3i4,GOOGLE,"['cafe', 'food', 'point_of_interest', 'store', 'establishment']","W4CP+VR9, Kamran Chorangi Road, Scheme 36 Block 11 Gulistan-e-Johar, Karachi",,,,,8742e440dffffff
OPERATIONAL,"{'location': {'lat': 24.9187858, 'lng': 67.1358439}, 'viewport': {'northeast': {'lat': 24.9201913302915, 'lng': 67.1372525302915}, 'southwest': {'lat': 24.9174933697085, 'lng': 67.1345545697085}}}",https://maps.gstatic.com/mapfiles/place_api/icons/v1/png_71/cafe-71.png,#FF9E67,https://maps.gstatic.com/mapfiles/place_api/icons/v2/cafe_pinlet,Cup shup cafe,,,ChIJKYbbYgA5sz4RWyPQqYasT7I,ChIJKYbbYgA5sz4RWyPQqYasT7I,GOOGLE,"['cafe', 'food', 'point_of_interest', 'store', 'establishment']","W49P+CC8, Block 12 Gulistan-e-Johar, Karachi",5.0,2.0,,,8742e440dffffff
OPERATIONAL,"{'location': {'lat': 24.919083, 'lng': 67.13555140000001}, 'viewport': {'northeast': {'lat': 24.9204771802915, 'lng': 67.13694803029152}, 'southwest': {'lat': 24.9177792197085, 'lng': 67.1342500697085}}}",https://maps.gstatic.com/mapfiles/place_api/icons/v1/png_71/cafe-71.png,#FF9E67,https://maps.gstatic.com/mapfiles/place_api/icons/v2/cafe_pinlet,CHAI BAITHAK,{'open_now': False},"[{'height': 1242, 'html_attributions': ['<a href=""https://maps.google.com/maps/contrib/103980038319639121967"">CHAI BAITHAK</a>'], 'photo_reference': 'AUGGfZnZiWQQcRMzabpDdFU7-BWs7dJVUHZWKf-GiXjquRNhDHzCQmhDX9xH_yQAjvEWxJ9ND7jawaH3LUtCIRLSBYQeZRK1qlUPDrVZmUZ7uCWH-BjF5mw274aTiVQDtntY4Kem24xSP4C7EWgO_35CZdebbDPOzXAKwpBRpFmeWsIrAOPu', 'width': 2208}]",ChIJf67IYMU5sz4RLcq2SKIRtuo,ChIJf67IYMU5sz4RLcq2SKIRtuo,GOOGLE,"['cafe', 'food', 'point_of_interest', 'establishment']","Block 12 Munawar Chowrangi Road, Gulistan-e-Johar, Karachi",4.5,12.0,"{'compound_code': 'W49P+J6 Gulistan-e-Johar, Karachi, Pakistan', 'global_code': '7JP9W49P+J6'}",,8742e440dffffff
OPERATIONAL,"{'location': {'lat': 24.9215836, 'lng': 67.1353269}, 'viewport': {'northeast': {'lat': 24.9228871302915, 'lng': 67.1367341302915}, 'southwest': {'lat': 24.9201891697085, 'lng': 67.1340361697085}}}",https://maps.gstatic.com/mapfiles/place_api/icons/v1/png_71/cafe-71.png,#FF9E67,https://maps.gstatic.com/mapfiles/place_api/icons/v2/cafe_pinlet,Ao sangat lgaye آو سنگت لگائیں,{'open_now': False},"[{'height': 1080, 'html_attributions': ['<a href=""https://maps.google.com/maps/contrib/115957335961740227020"">waqas mustafa</a>'], 'photo_reference': 'AUGGfZl_w4jc4LdsArCZlhTBcJbFoShwc1_zVNNdqMw-QvMJNBbvzOX1e6hjB0c9J7Z-83F5uJsdCnEeCSxgg3CWHE8VgLLfra5Pqe2JDELqUjdDL9y8UKBpc1rUyrfrkl-L2GBRUqf0emINzCAqTBnvovdF5QgwYIv6MQl9ZiJoxXUKwcLC', 'width': 1920}]",ChIJs6lZOQA5sz4Ruqk3FeYQLNQ,ChIJs6lZOQA5sz4Ruqk3FeYQLNQ,GOOGLE,"['cafe', 'food', 'point_of_interest', 'store', 'establishment']","W4CP+J4P, Block 3-A Gulistan-e-Johar, Karachi",5.0,6.0,,,8742e440dffffff
OPERATIONAL,"{'location': {'lat': 24.9218936, 'lng': 67.1355361}, 'viewport': {'northeast': {'lat': 24.9231780802915, 'lng': 67.1369677302915}, 'southwest': {'lat': 24.92048011970849, 'lng': 67.1342697697085}}}",https://maps.gstatic.com/mapfiles/place_api/icons/v1/png_71/cafe-71.png,#FF9E67,https://maps.gstatic.com/mapfiles/place_api/icons/v2/cafe_pinlet,Happy Donut,,,ChIJnUBibwA5sz4RlqL0iFnXAX8,ChIJnUBibwA5sz4RlqL0iFnXAX8,GOOGLE,"['cafe', 'food', 'point_of_interest', 'store', 'establishment']","W4CP+Q59, Abul Asar Hafeez Jalandhari Road, Block 3-A Block 3 Gulistan-e-Johar, Karachi",,,,,8742e440dffffff
OPERATIONAL,"{'location': {'lat': 24.9216369, 'lng': 67.13506079999999}, 'viewport': {'northeast': {'lat': 24.9230032302915, 'lng': 67.1363879302915}, 'southwest': {'lat': 24.9203052697085, 'lng': 67.1336899697085}}}",https://maps.gstatic.com/mapfiles/place_api/icons/v1/png_71/cafe-71.png,#FF9E67,https://maps.gstatic.com/mapfiles/place_api/icons/v2/cafe_pinlet,Quetta Al Nabseeb Piyala Hotel,,"[{'height': 1800, 'html_attributions': ['<a href=""https://maps.google.com/maps/contrib/104212821657615446958"">Muhammad Aman Sharif</a>'], 'photo_reference': 'AUGGfZlXSmRh7RtZBOVcsIpy3FRebSWpZRsUbrPXYZK0c6LUpxHiNxUSkJzrNqZdQ934dMw-INP6R3KGfD7M-DpsUyufSXDXFbf0k5Ek5OueKZK_l6SxOzTLX8Qc7TDfnDUq6Lw9UUB7_pEU98CSE08bjpd2kqzI2yiT6MAax24Sx9_Jda3v', 'width': 4000}]",ChIJ5cJ17ww5sz4R3tKv5KKExT0,ChIJ5cJ17ww5sz4R3tKv5KKExT0,GOOGLE,"['cafe', 'food', 'point_of_interest', 'establishment']","Office 202, M9, Business Bay, Block, 3A, Gulistan-e-Johar, Karachi",,,"{'compound_code': 'W4CP+M2 Gulistan-e-Johar, Karachi, Pakistan', 'global_code': '7JP9W4CP+M2'}",,8742e440dffffff
OPERATIONAL,"{'location': {'lat': 24.9178057, 'lng': 67.13878319999999}, 'viewport': {'northeast': {'lat': 24.9191504802915, 'lng': 67.1401312302915}, 'southwest': {'lat': 24.9164525197085, 'lng': 67.1374332697085}}}",https://maps.gstatic.com/mapfiles/place_api/icons/v1/png_71/cafe-71.png,#FF9E67,https://maps.gstatic.com/mapfiles/place_api/icons/v2/cafe_pinlet,Sunrise Tuck Shop,{'open_now': True},"[{'height': 969, 'html_attributions': ['<a href=""https://maps.google.com/maps/contrib/103656659612635012089"">Sunrise Academy</a>'], 'photo_reference': 'AUGGfZm-7nhFIOj7VDOiN8D5PP11aF51ieI0tWNaVUNxMSKJmEUiDLf-RR-FG-EBYqM6_f_WfBfAbtp_GakK-z4RlcAYDKHseO4kY8mRpSKV2H7on4irq3x2DGq3atILBLrflkKsUF_rmsi7ieoOPEjGvS8nm1PG7ZfJh3YYj4EC8_1d1oUd', 'width': 1280}]",ChIJeeIx7jI5sz4RYob_2M52dyM,ChIJeeIx7jI5sz4RYob_2M52dyM,GOOGLE,"['cafe', 'food', 'point_of_interest', 'establishment']","W49Q+4GF, Unnamed Road, Block 11 Block 11 Gulistan-e-Johar, Karachi",4.3,4.0,,,8742e440dffffff
OPERATIONAL,"{'location': {'lat': 24.9219297, 'lng': 67.1350009}, 'viewport': {'northeast': {'lat': 24.9233311802915, 'lng': 67.1362845302915}, 'southwest': {'lat': 24.9206332197085, 'lng': 67.13358656970848}}}",https://maps.gstatic.com/mapfiles/place_api/icons/v1/png_71/cafe-71.png,#FF9E67,https://maps.gstatic.com/mapfiles/place_api/icons/v2/cafe_pinlet,Chachoo by Arif bhai,{'open_now': True},"[{'height': 1920, 'html_attributions': ['<a href=""https://maps.google.com/maps/contrib/100353167500685801364"">Muaz Siddiqui</a>'], 'photo_reference': 'AUGGfZnPdq95F8TU4CQPAI09uScasKeuoZv-GeIRdAZCWAW5j1D3xtiKqF6Gxav9d5dkrygYBzvBT-gu-l_fALgcKG62b-ILFPnu6idu94R4N8ZM-zlr2S2E1xwbi-t2DHZ_phAvjXogZnOUre9VtGCWO5im4BsY9b_6LmD7gcYqCWGXwXZA', 'width': 1080}]",ChIJyTHrY1I5sz4RuxqAJaP9pRE,ChIJyTHrY1I5sz4RuxqAJaP9pRE,GOOGLE,"['cafe', 'food', 'point_of_interest', 'store', 'establishment']","W4CP+P2W, Block 3-A Block 3 A Gulistan-e-Johar, Karachi",5.0,1.0,,,8742e440dffffff
OPERATIONAL,"{'location': {'lat': 24.9228733, 'lng': 67.1361614}, 'viewport': {'northeast': {'lat': 24.9242203302915, 'lng': 67.13750828029151}, 'southwest': {'lat': 24.9215223697085, 'lng': 67.1348103197085}}}",https://maps.gstatic.com/mapfiles/place_api/icons/v1/png_71/cafe-71.png,#FF9E67,https://maps.gstatic.com/mapfiles/place_api/icons/v2/cafe_pinlet,New Quetta Muqaddar Hotel,{'open_now': True},"[{'height': 2084, 'html_attributions': ['<a href=""https://maps.google.com/maps/contrib/114804245391303713736"">Mirza Mahmood</a>'], 'photo_reference': 'AUGGfZnqVV_-HQgfSoZgRaepigjlFs--F0PPsJqeO5eksyT6uyfnhu87WMJiGykgmozW_Jst17Pq94MZL6_rpzQ1jarqLMiRmU_1SSvEG3L_Nz3fcsCcfIS4VFhokrLeEJSQ_K4Yyfc-ipAsYlMNizz3Fg6kuNsQ9y_-q_-bcZlZMPCqYuce', 'width': 4624}]",ChIJk9cuLQA5sz4RFRgAGAFpVrk,ChIJk9cuLQA5sz4RFRgAGAFpVrk,GOOGLE,"['cafe', 'food', 'point_of_interest', 'establishment']","No.16, Palm Residency, Block 3 Block 3 A Gulistan-e-Johar, Karachi",4.2,6.0,"{'compound_code': 'W4FP+4F Gulistan-e-Johar, Karachi, Pakistan', 'global_code': '7JP9W4FP+4F'}",,8742e440dffffff
OPERATIONAL,"{'location': {'lat': 24.91741570000001, 'lng': 67.13857279999999}, 'viewport': {'northeast': {'lat': 24.91869473029151, 'lng': 67.1398998802915}, 'southwest': {'lat': 24.9159967697085, 'lng': 67.13720191970849}}}",https://maps.gstatic.com/mapfiles/place_api/icons/v1/png_71/cafe-71.png,#FF9E67,https://maps.gstatic.com/mapfiles/place_api/icons/v2/cafe_pinlet,Habibi Shay,{'open_now': False},"[{'height': 3024, 'html_attributions': ['<a href=""https://maps.google.com/maps/contrib/110815048474199035676"">Habibi Shay</a>'], 'photo_reference': 'AUGGfZl_sDm3DVesQbdebmrosLU2pYjX70nJgflaFOgunz04XS3etyyGU9lcvSI--kOrB4HKvIj07_CsZJZNQQa-UteIkyb5EuNy0CnyARI3Mzi1jub6FEy4csOWP3lji-mkwx7Gd6llKk_DPBYM7-QTRRb9kA8x7J-6pekESUp6mAimDDqN', 'width': 4032}]",ChIJRZzse94_sz4R_P0k9d74AdA,ChIJRZzse94_sz4R_P0k9d74AdA,GOOGLE,"['cafe', 'food', 'point_of_interest', 'establishment']","B 155, opposite pod eyes hospital, near Munawar Chowrangi Road, Block 11 Gulistan-e-Johar, Karachi",4.1,50.0,"{'compound_code': 'W48Q+XC Gulistan-e-Johar, Karachi, Pakistan', 'global_code': '7JP9W48Q+XC'}",,8742e440dffffff
OPERATIONAL,"{'location': {'lat': 24.9223464, 'lng': 67.1404398}, 'viewport': {'northeast': {'lat': 24.9236376802915, 'lng': 67.14161518029151}, 'southwest': {'lat': 24.9209397197085, 'lng': 67.13891721970849}}}",https://maps.gstatic.com/mapfiles/place_api/icons/v1/png_71/restaurant-71.png,#FF9E67,https://maps.gstatic.com/mapfiles/place_api/icons/v2/restaurant_pinlet,OTAQ,{'open_now': False},"[{'height': 3024, 'html_attributions': ['<a href=""https://maps.google.com/maps/contrib/109611605805314444936"">Aashir Abbas</a>'], 'photo_reference': 'AUGGfZm4P3c6rlMujxgU_IsLV88_q-UfxvynkxML2LnRdh5Y1nJAtOgpocCJqIjb4WILSxBqeVvCWweTbZmoZWsRt5-W2AyuqJCxkHqoWfcPruAKCKylvnHVf8lYWaG-fto994e9C_3VAU-QtKEAJX4bluVITAbYsY3r2pMEMNzEnIK82j0v', 'width': 4032}]",ChIJXRWzPcQ5sz4REPG-FjXRFVE,ChIJXRWzPcQ5sz4REPG-FjXRFVE,GOOGLE,"['cafe', 'restaurant', 'food', 'point_of_interest', 'establishment']","PHA Apartments, Plot no -694, Chisti Nagar, Scheme Road, Block 10 Gulistan-e-Johar, Karachi",4.5,890.0,"{'compound_code': 'W4CR+W5 Gulistan-e-Johar, Karachi, Pakistan', 'global_code': '7JP9W4CR+W5'}",2.0,8742e440dffffff
OPERATIONAL,"{'location': {'lat': 24.9199929, 'lng': 67.14127309999999}, 'viewport': {'northeast': {'lat': 24.9213597802915, 'lng': 67.1426376802915}, 'southwest': {'lat': 24.9186618197085, 'lng': 67.1399397197085}}}",https://maps.gstatic.com/mapfiles/place_api/icons/v1/png_71/cafe-71.png,#FF9E67,https://maps.gstatic.com/mapfiles/place_api/icons/v2/cafe_pinlet,Zahid Gali,{'open_now': True},,ChIJo8Sw9vk5sz4RjJraUYjrocM,ChIJo8Sw9vk5sz4RjJraUYjrocM,GOOGLE,"['cafe', 'food', 'point_of_interest', 'establishment']","near hafta bazar and Ahmed water plant, Baloch goth, near hafta bazar and Ahmed water plant, Block 11 Gulistan-e-Johar, Karachi",,,"{'compound_code': 'W49R+XG Gulistan-e-Johar, Karachi, Pakistan', 'global_code': '7JP9W49R+XG'}",,8742e440dffffff
OPERATIONAL,"{'location': {'lat': 24.9167576, 'lng': 67.1363923}, 'viewport': {'northeast': {'lat': 24.91808713029151, 'lng': 67.13767118029149}, 'southwest': {'lat': 24.9153891697085, 'lng': 67.13497321970848}}}",https://maps.gstatic.com/mapfiles/place_api/icons/v1/png_71/cafe-71.png,#FF9E67,https://maps.gstatic.com/mapfiles/place_api/icons/v2/cafe_pinlet,Saim Cafe,{'open_now': True},"[{'height': 3000, 'html_attributions': ['<a href=""https://maps.google.com/maps/contrib/104025379210727644131"">Shahroze Raza</a>'], 'photo_reference': 'AUGGfZm1rY20WM15-gFYLY38MMNj-OV59aN0fsy7H1dPDG-vb2vYO6N8QokXkQFhLX9QIY3y_jxmfnAWLQuW1fTzBzdhCxD0X2KMBLF7A6E9g9EuuK0TtGm1IPmXhrK1M39t97CTgx4mx40odefDsLMI-TrhlYT6ji8xr7rT8pTdHKEffbEP', 'width': 4000}]",ChIJcwvdPiE5sz4RST2nz43JSzQ,ChIJcwvdPiE5sz4RST2nz43JSzQ,GOOGLE,"['cafe', 'food', 'point_of_interest', 'establishment']","W48P+PH2, Unnamed Road, Block 12 Block 12 Gulistan-e-Johar, Karachi",4.1,10.0,,,8742e440dffffff
OPERATIONAL,"{'location': {'lat': 24.9233841, 'lng': 67.13510149999999}, 'viewport': {'northeast': {'lat': 24.9247672302915, 'lng': 67.1364120802915}, 'southwest': {'lat': 24.92206926970849, 'lng': 67.1337141197085}}}",https://maps.gstatic.com/mapfiles/place_api/icons/v1/png_71/cafe-71.png,#FF9E67,https://maps.gstatic.com/mapfiles/place_api/icons/v2/cafe_pinlet,کوئیٹہ عجوہ ہوٹل (Quetta Ajwa Hotel),{'open_now': True},"[{'height': 1080, 'html_attributions': ['<a href=""https://maps.google.com/maps/contrib/117508532774417400758"">SHAHMEER HANEEF</a>'], 'photo_reference': 'AUGGfZkX0D3kwKlbbQ4wkWWNl8I1Hglm2YQL4qdvut0cdREoufoJwZQzN2f3TzOw74Ehj0r3qxFj8DbNLom2lqJFencJKDXqcNYL_5bufRf6JA8mH4xLi43YjWNqiAP9V_MFPCJBxCIj1pmCLcydzCNMar_7HvFMW76BUDdUi3YPVGdPTM9L', 'width': 1920}]",ChIJf02uMgA5sz4RG3TXBG_jq_o,ChIJf02uMgA5sz4RG3TXBG_jq_o,GOOGLE,"['cafe', 'food', 'point_of_interest', 'establishment']","W4FP+925, Block 3-A Gulistan-e-Johar, Karachi",5.0,1.0,,,8742e440dffffff
OPERATIONAL,"{'location': {'lat': 24.9241552, 'lng': 67.137699}, 'viewport': {'northeast': {'lat': 24.9255000302915, 'lng': 67.13910073029152}, 'southwest': {'lat': 24.9228020697085, 'lng': 67.1364027697085}}}",https://maps.gstatic.com/mapfiles/place_api/icons/v1/png_71/cafe-71.png,#FF9E67,https://maps.gstatic.com/mapfiles/place_api/icons/v2/cafe_pinlet,Quetta Zamindaar Chai Wala,,"[{'height': 1800, 'html_attributions': ['<a href=""https://maps.google.com/maps/contrib/114445017875189749932"">Abbas Khan</a>'], 'photo_reference': 'AUGGfZlhrjLKjwr8L58QxMG_q1rhfTPhW5vqkO2SpqqB491ahaeDSKIomfUl74KZGezARRNe7OIy-WQ2vXFprJ51Z3gwHGAcV__0u8_GopBZX-ze-Qiv6jKPaNbQKt7YLXetvVGJPV_51jbaNaarM1ERbmkJxFrd5_Yd47fb2cZBfhvBxb6h', 'width': 4000}]",ChIJ2Zimu1E5sz4RmOIP9yT5kPU,ChIJ2Zimu1E5sz4RmOIP9yT5kPU,GOOGLE,"['cafe', 'food', 'point_of_interest', 'store', 'establishment']","W4FQ+M38, Mughal Hazara Goth Block 4 Gulistan-e-Johar, Karachi",3.0,3.0,,,8742e440dffffff
OPERATIONAL,"{'location': {'lat': 24.9192266, 'lng': 67.1335145}, 'viewport': {'northeast': {'lat': 24.9206448802915, 'lng': 67.13477813029151}, 'southwest': {'lat': 24.91794691970849, 'lng': 67.1320801697085}}}",https://maps.gstatic.com/mapfiles/place_api/icons/v1/png_71/shopping-71.png,#4B96F3,https://maps.gstatic.com/mapfiles/place_api/icons/v2/shopping_pinlet,Kulhar Chai Puri Paratha,,"[{'height': 1920, 'html_attributions': ['<a href=""https://maps.google.com/maps/contrib/101053353626516101662"">Shorr The band</a>'], 'photo_reference': 'AUGGfZmH9ooSCAocmGjET9TyW93UOl9G0yR98q2btMEK5aUOhHQG0eXwxnF1BIo2TY7PMcZQSpuxjGMzJwKRFl0Mq2uoRS0_fUEydRAKcl7tEqXSX6YezHZ9Uaok0RvP4ye4q9ba84IHBzj8qUVqYyj0lMzo9WNA3WMNSMvlw14b3Sfk0jkm', 'width': 1080}]",ChIJV7sLjEI5sz4RNh5r0hcHBFA,ChIJV7sLjEI5sz4RNh5r0hcHBFA,GOOGLE,"['cafe', 'food', 'point_of_interest', 'store', 'establishment']","W49M+MCR, Jauhar Chowrangi Road, Block 12 Gulistan-e-Johar, Karachi",5.0,1.0,,,8742e440dffffff
OPERATIONAL,"{'location': {'lat': 24.9216571, 'lng': 67.1332639}, 'viewport': {'northeast': {'lat': 24.9229380302915, 'lng': 67.1345395302915}, 'southwest': {'lat': 24.92024006970849, 'lng': 67.1318415697085}}}",https://maps.gstatic.com/mapfiles/place_api/icons/v1/png_71/cafe-71.png,#FF9E67,https://maps.gstatic.com/mapfiles/place_api/icons/v2/cafe_pinlet,My Chai,,"[{'height': 4096, 'html_attributions': ['<a href=""https://maps.google.com/maps/contrib/115719138136580616709"">farhan masood</a>'], 'photo_reference': 'AUGGfZn2Cy2gjJhlEtccn4WGbp2zo5edW76Vrkru9NeXnzSu4AFMrY-JLguTkkAWAbecozEQwpTML_Rv2rheEDN-5l4bt26WVEj-P2zNrE6kYWQ9uNCM2PkS4Rt2ZHHX8ovTicC-cIUF6eCLnfsnRi5ntZXClBPavQaYbbNJWNp01sItatLA', 'width': 3072}]",ChIJ-RrqBO45sz4RhwwJBnqgRvQ,ChIJ-RrqBO45sz4RhwwJBnqgRvQ,GOOGLE,"['cafe', 'food', 'point_of_interest', 'store', 'establishment']","Al Khizra Heights, Block 3 Block 3 A Gulistan-e-Johar, Karachi",4.0,27.0,"{'compound_code': 'W4CM+M8 Gulistan-e-Johar, Karachi, Pakistan', 'global_code': '7JP9W4CM+M8'}",,8742e440dffffff
OPERATIONAL,"{'location': {'lat': 24.9248909, 'lng': 67.1371046}, 'viewport': {'northeast': {'lat': 24.92622488029151, 'lng': 67.13842798029151}, 'southwest': {'lat': 24.9235269197085, 'lng': 67.1357300197085}}}",https://maps.gstatic.com/mapfiles/place_api/icons/v1/png_71/cafe-71.png,#FF9E67,https://maps.gstatic.com/mapfiles/place_api/icons/v2/cafe_pinlet,نیو کویٹہ شاہ جی کیفے,{'open_now': True},"[{'height': 1080, 'html_attributions': ['<a href=""https://maps.google.com/maps/contrib/101048179336513104876"">hamry sat chalo</a>'], 'photo_reference': 'AUGGfZk4cZsEgPRaiMXwG9fZoWucp0VIV1ywe35t9mxTPfwfP17HYrJ54ZzfeCdbPDcUTNKkqkrOAHsharu9-tesoJ7nmqTtIerLwlldytXBSMlWcyfaoMhaLuiVadycMiyJyUSbvNP0y_cLOZ93y2LQxA5MeFedg8b7ZB2LqSUgsrmRYKA', 'width': 1920}]",ChIJn3wCS5I5sz4RmRBxwsKMw4o,ChIJn3wCS5I5sz4RmRBxwsKMw4o,GOOGLE,"['cafe', 'food', 'point_of_interest', 'store', 'establishment']","W4FP+WVR, Mughal Hazara Goth Block 4 Gulistan-e-Johar, Karachi",4.0,3.0,,,8742e440dffffff
OPERATIONAL,"{'location': {'lat': 24.9200645, 'lng': 67.14300899999999}, 'viewport': {'northeast': {'lat': 24.9214908802915, 'lng': 67.1444182802915}, 'southwest': {'lat': 24.91879291970849, 'lng': 67.1417203197085}}}",https://maps.gstatic.com/mapfiles/place_api/icons/v1/png_71/cafe-71.png,#FF9E67,https://maps.gstatic.com/mapfiles/place_api/icons/v2/cafe_pinlet,JBH (just beyond hunger),{'open_now': False},"[{'height': 4032, 'html_attributions': ['<a href=""https://maps.google.com/maps/contrib/101328540403000085736"">JBH (just beyond hunger)</a>'], 'photo_reference': 'AUGGfZngMtR7wu5sKZWx2zWGyuZ3_UtoKDytGcheSEsrBbonsfD_lSFBPtCVf68ieWNVkux-cLrLSh4f3ts0OWkGNnN2V5P4WTOBYncKfA01DDjUN9zRKq63xhlzubrjfth2bBdOsvbYj4XhycNZpY8ClQHY52UshD5Dha_dLYQlnhM1Xnvj', 'width': 3024}]",ChIJRaU7Q4c5sz4Rp9CumeVY3fM,ChIJRaU7Q4c5sz4Rp9CumeVY3fM,GOOGLE,"['cafe', 'food', 'point_of_interest', 'establishment']","E-175 block 11 gulistan-e-johar karachi 11, Karachi",5.0,7.0,"{'compound_code': 'W4CV+26 Gulistan-e-Johar, Karachi, Pakistan', 'global_code': '7JP9W4CV+26'}",,8742e440dffffff
OPERATIONAL,"{'location': {'lat': 24.9185536, 'lng': 67.1322581}, 'viewport': {'northeast': {'lat': 24.91987828029151, 'lng': 67.13363413029151}, 'southwest': {'lat': 24.9171803197085, 'lng': 67.1309361697085}}}",https://maps.gstatic.com/mapfiles/place_api/icons/v1/png_71/cafe-71.png,#FF9E67,https://maps.gstatic.com/mapfiles/place_api/icons/v2/cafe_pinlet,Quetta Kakar Piala Hotel,,,ChIJDW7YMAA5sz4RKsKiqHK7zVI,ChIJDW7YMAA5sz4RKsKiqHK7zVI,GOOGLE,"['cafe', 'food', 'point_of_interest', 'establishment']","W49J+CWC, Jauhar Chowrangi Road, Block 14 Gulistan-e-Johar, Karachi",5.0,2.0,,,8742e440dffffff
OPERATIONAL,"{'location': {'lat': 24.9179603, 'lng': 67.1325439}, 'viewport': {'northeast': {'lat': 24.9192707302915, 'lng': 67.1338550302915}, 'southwest': {'lat': 24.9165727697085, 'lng': 67.1311570697085}}}",https://maps.gstatic.com/mapfiles/place_api/icons/v1/png_71/cafe-71.png,#FF9E67,https://maps.gstatic.com/mapfiles/place_api/icons/v2/cafe_pinlet,Hazara Hotel,,,ChIJO9ZleKY5sz4R7_GE2Eba2v8,ChIJO9ZleKY5sz4R7_GE2Eba2v8,GOOGLE,"['cafe', 'food', 'point_of_interest', 'establishment']","W49M+52M, Block 12 Block 12 Gulistan-e-Johar, Karachi",4.0,1.0,,,8742e440dffffff
OPERATIONAL,"{'location': {'lat': 24.9193934, 'lng': 67.1319587}, 'viewport': {'northeast': {'lat': 24.9207083302915, 'lng': 67.1333432302915}, 'southwest': {'lat': 24.9180103697085, 'lng': 67.1306452697085}}}",https://maps.gstatic.com/mapfiles/place_api/icons/v1/png_71/cafe-71.png,#FF9E67,https://maps.gstatic.com/mapfiles/place_api/icons/v2/cafe_pinlet,Masha Allah Naan House Johar,,,ChIJ_1kZ_yk5sz4RMp1DEhehVbA,ChIJ_1kZ_yk5sz4RMp1DEhehVbA,GOOGLE,"['cafe', 'food', 'point_of_interest', 'establishment']","W49J+QQ4, Block 14 Gulistan-e-Johar, Karachi",,,,,8742e440dffffff
OPERATIONAL,"{'location': {'lat': 24.9250499, 'lng': 67.1406391}, 'viewport': {'northeast': {'lat': 24.92639318029151, 'lng': 67.1419831302915}, 'southwest': {'lat': 24.9236952197085, 'lng': 67.13928516970849}}}",https://maps.gstatic.com/mapfiles/place_api/icons/v1/png_71/cafe-71.png,#FF9E67,https://maps.gstatic.com/mapfiles/place_api/icons/v2/cafe_pinlet,Otak,,"[{'height': 2752, 'html_attributions': ['<a href=""https://maps.google.com/maps/contrib/103087702798442021410"">aurangzeb tamimi</a>'], 'photo_reference': 'AUGGfZldVt2skCWurXa7OnY4Wxvh8RJQHRPs5uMTWyqsB9RWhDqzLgACXy2m5ZRxccID6_jK1afMfwPabEamKPr_ljl7jSmhbY08KZP98OdIghs0Ru_Ej30_9RatbYR-H330NP3bUgGIXneRpkqmGiFDHPqS6kO181swsYH3YID2Rj9T82Sc', 'width': 5664}]",ChIJqSDkwTg5sz4RhvIDbrPGcq8,ChIJqSDkwTg5sz4RhvIDbrPGcq8,GOOGLE,"['cafe', 'food', 'point_of_interest', 'establishment']","kamran chowrangi, near zams cng pump, Block 10 Block 10 Gulistan-e-Johar, Karachi",4.1,12.0,,,8742e440dffffff
OPERATIONAL,"{'location': {'lat': 24.9179503, 'lng': 67.1313522}, 'viewport': {'northeast': {'lat': 24.9193564802915, 'lng': 67.13276303029151}, 'southwest': {'lat': 24.91665851970849, 'lng': 67.1300650697085}}}",https://maps.gstatic.com/mapfiles/place_api/icons/v1/png_71/cafe-71.png,#FF9E67,https://maps.gstatic.com/mapfiles/place_api/icons/v2/cafe_pinlet,Quetta Al-Habib Piala Hotel Gulistan e Jauhar,{'open_now': True},"[{'height': 4160, 'html_attributions': ['<a href=""https://maps.google.com/maps/contrib/117135231486583963906"">ACL Collection</a>'], 'photo_reference': 'AUGGfZk0eIcjEgIhxg8YKP9_Xgo9Bu7NGk6vTlXKxs28wfm6yqESeBNE63Ae3iSH6nROCQf8ChmbX7RA98CFialj9j0MErUVHf5uclh0VemD44q6MGMG6SptpJTKlGfwcKTIkgHm0EL5Fi3-8cG0FhrIHMVCEm4SROYXp_XHJ8EAlEa9Nf8P', 'width': 3120}]",ChIJE5I1QEs5sz4RDRWXi0CZlLQ,ChIJE5I1QEs5sz4RDRWXi0CZlLQ,GOOGLE,"['cafe', 'food', 'point_of_interest', 'establishment']","W49J+5GQ, Block 14 Gulistan-e-Johar, Karachi",3.7,15.0,,,8742e440dffffff
OPERATIONAL,"{'location': {'lat': 24.9179316, 'lng': 67.131339}, 'viewport': {'northeast': {'lat': 24.9193455802915, 'lng': 67.13275823029151}, 'southwest': {'lat': 24.9166476197085, 'lng': 67.1300602697085}}}",https://maps.gstatic.com/mapfiles/place_api/icons/v1/png_71/cafe-71.png,#FF9E67,https://maps.gstatic.com/mapfiles/place_api/icons/v2/cafe_pinlet,Habib Chai Hotel & Afghani Plow,,,ChIJRxrKKKM5sz4R5C0sck-Wbl0,ChIJRxrKKKM5sz4R5C0sck-Wbl0,GOOGLE,"['cafe', 'store', 'food', 'point_of_interest', 'establishment']","Singapore Tower, Block 14 Gulistan-e-Johar, Karachi",,,"{'compound_code': 'W49J+5G Gulistan-e-Johar, Karachi, Pakistan', 'global_code': '7JP9W49J+5G'}",,8742e440dffffff
OPERATIONAL,"{'location': {'lat': 24.9264918, 'lng': 67.1361359}, 'viewport': {'northeast': {'lat': 24.9278674802915, 'lng': 67.1374823302915}, 'southwest': {'lat': 24.9251695197085, 'lng': 67.1347843697085}}}",https://maps.gstatic.com/mapfiles/place_api/icons/v1/png_71/cafe-71.png,#FF9E67,https://maps.gstatic.com/mapfiles/place_api/icons/v2/cafe_pinlet,New MashaAllah Irfan Coffee,{'open_now': True},"[{'height': 1080, 'html_attributions': ['<a href=""https://maps.google.com/maps/contrib/101474901939574716623"">Hanif Khan</a>'], 'photo_reference': 'AUGGfZmCh3QngjnyqJNpq2BOnwp58ZSYM0Bgc6Xkp6tIHMYlhdiLhhQAqhG7BBl3RDdc3oYToUJ0bwQY6JhiRrFS1NUCg2isdq2sVAPEAr11SWvWjNNNlFAfeElFjXEI6IYzMCw3yImLvQMjkSIZjstoJAr1dOo2CvoQDiVVxFhXMFUyGyCL', 'width': 1920}]",ChIJIXOdLv05sz4RnAO-sTx1MwA,ChIJIXOdLv05sz4RnAO-sTx1MwA,GOOGLE,"['cafe', 'store', 'food', 'point_of_interest', 'establishment']","W4GP+HFR, Steep Hill Drive, Block 3 Mughal Hazara Goth Block 4 Gulistan-e-Johar, Karachi",4.8,4.0,,,8742e440dffffff
OPERATIONAL,"{'location': {'lat': 24.9201677, 'lng': 67.14504289999999}, 'viewport': {'northeast': {'lat': 24.9214866302915, 'lng': 67.1464375302915}, 'southwest': {'lat': 24.9187886697085, 'lng': 67.14373956970849}}}",https://maps.gstatic.com/mapfiles/place_api/icons/v1/png_71/cafe-71.png,#FF9E67,https://maps.gstatic.com/mapfiles/place_api/icons/v2/cafe_pinlet,Quetta Bismillah Jan Hotel,{'open_now': True},"[{'height': 540, 'html_attributions': ['<a href=""https://maps.google.com/maps/contrib/107390914960761095627"">Najeeb Ullah</a>'], 'photo_reference': 'AUGGfZlSZfsym-j6s4gXwKjjZTNoNZFxwayBYVqcOQ281hNOSp2WBpcySGsBkT1zmS4zrItniU2S-Ad-4f73dNCjuagzgSmpiiBjzk43BGAN5eglE-4l69O1GKpjFWp10dZO5KtDMQLFngs9pcok0bGHMKh4ZEcFT9w83_MeW4p3biGH-kje', 'width': 720}]",ChIJbWjS5FY4sz4RP-HySxwwbes,ChIJbWjS5FY4sz4RP-HySxwwbes,GOOGLE,"['cafe', 'food', 'point_of_interest', 'establishment']","W4CW+327, Pia Housing Scheme Block 9 PIA Housing Scheme, Karachi",4.0,38.0,,,8742e440dffffff
OPERATIONAL,"{'location': {'lat': 24.9270664, 'lng': 67.1385016}, 'viewport': {'northeast': {'lat': 24.9283956802915, 'lng': 67.13993173029151}, 'southwest': {'lat': 24.9256977197085, 'lng': 67.13723376970849}}}",https://maps.gstatic.com/mapfiles/place_api/icons/v1/png_71/cafe-71.png,#FF9E67,https://maps.gstatic.com/mapfiles/place_api/icons/v2/cafe_pinlet,Sindh Balochistan Hotel,,"[{'height': 3120, 'html_attributions': ['<a href=""https://maps.google.com/maps/contrib/107472749262730171906"">Syed Saeed Ahmed</a>'], 'photo_reference': 'AUGGfZmI9mYs9NikuWBlmN5OUFkfqwHB4kNBBv-LNidB4Pj-ZvXMJfSbKEdm2Iw2v-sUncnDQ8xIrY-PXw6yX4ptFhrMlSf4EYIPbL82bMr6Ibs5jNXm9DjEXmFAU_Nn-AHnUNgESWaL0ruuAuQrDJuyM4JGhqYHTJv2dQOFkfJiKBEwnv5O', 'width': 4160}]",ChIJGURvxUA5sz4RSEHrcFLXkSA,ChIJGURvxUA5sz4RSEHrcFLXkSA,GOOGLE,"['cafe', 'food', 'point_of_interest', 'establishment']","W4GQ+RCC, Mughal Hazara Goth Block 4 Gulistan-e-Johar, Karachi",4.0,16.0,,,8742e440dffffff
OPERATIONAL,"{'location': {'lat': 24.9268974, 'lng': 67.13989939999999}, 'viewport': {'northeast': {'lat': 24.9282457802915, 'lng': 67.1412466802915}, 'southwest': {'lat': 24.9255478197085, 'lng': 67.1385487197085}}}",https://maps.gstatic.com/mapfiles/place_api/icons/v1/png_71/cafe-71.png,#FF9E67,https://maps.gstatic.com/mapfiles/place_api/icons/v2/cafe_pinlet,Chishti Night Cafe,{'open_now': False},,ChIJr23Dxdw5sz4Rb87ORP_nYKw,ChIJr23Dxdw5sz4Rb87ORP_nYKw,GOOGLE,"['cafe', 'store', 'food', 'point_of_interest', 'establishment']","Shop no, 1, Block 10 Gulistan-e-Johar, Karachi",3.6,7.0,"{'compound_code': 'W4GQ+QX Gulistan-e-Johar, Karachi, Pakistan', 'global_code': '7JP9W4GQ+QX'}",,8742e440dffffff
OPERATIONAL,"{'location': {'lat': 24.9139827, 'lng': 67.1414472}, 'viewport': {'northeast': {'lat': 24.9153125802915, 'lng': 67.14285893029151}, 'southwest': {'lat': 24.9126146197085, 'lng': 67.14016096970849}}}",https://maps.gstatic.com/mapfiles/place_api/icons/v1/png_71/cafe-71.png,#FF9E67,https://maps.gstatic.com/mapfiles/place_api/icons/v2/cafe_pinlet,New Quetta Super Pyala Hotel,{'open_now': False},"[{'height': 3264, 'html_attributions': ['<a href=""https://maps.google.com/maps/contrib/106384950140903788975"">Moazzam Khan</a>'], 'photo_reference': 'AUGGfZl8mZ4l_w3BczddK2_R6G6MMYse3u1JrhzoRERCV0Z9sc-pqjN0D8Ukj9HbsR1QXh9wuXax8zgA1OSHWQrR7Urr6cP2GsTixIA6jZnmPg1wCW2hyoW7gitjRuZVo0L2mUv8Qan1WbQyoprzoSVWe14cTrUixEuUmJNqeT-Fh783WPVx', 'width': 2448}]",ChIJTydbi_84sz4RiQ_54ln9GmA,ChIJTydbi_84sz4RiQ_54ln9GmA,GOOGLE,"['cafe', 'food', 'point_of_interest', 'establishment']","W47R+HHW, Block 12 Gulistan-e-Johar, Karachi",4.0,9.0,,,8742e440dffffff
OPERATIONAL,"{'location': {'lat': 24.916347, 'lng': 67.1308861}, 'viewport': {'northeast': {'lat': 24.9176959802915, 'lng': 67.13223508029151}, 'southwest': {'lat': 24.9149980197085, 'lng': 67.12953711970849}}}",https://maps.gstatic.com/mapfiles/place_api/icons/v1/png_71/lodging-71.png,#909CE1,https://maps.gstatic.com/mapfiles/place_api/icons/v2/hotel_pinlet,Cafe Johar hotel By Shabier,{'open_now': True},"[{'height': 2322, 'html_attributions': ['<a href=""https://maps.google.com/maps/contrib/113950557976197735812"">Cafe Johar hotel By Shabier</a>'], 'photo_reference': 'AUGGfZmsjEP5TFWnkoPbLJ5laZKZKozd98nhdngUgJJZJcBt3EPx8u9-6MqbzmTYJw0AdaLrfie0484_gyOsLBwlqWTMHtq8__GT8IeJwP-nadhUojwgY9Fyt33ou6qXpxkmrUpaDONHDW_-rG-hRHRONytkc0i3xmQ5RhdJjnpAZXogaYyh', 'width': 4128}]",ChIJH1WHuv05sz4RbC4BeZXWII8,ChIJH1WHuv05sz4RbC4BeZXWII8,GOOGLE,"['cafe', 'lodging', 'store', 'food', 'point_of_interest', 'establishment']","Rado Appartments Shop No A-16, Block 12 Gulistan-e-Johar, Karachi",5.0,1.0,"{'compound_code': 'W48J+G9 Gulistan-e-Johar, Karachi, Pakistan', 'global_code': '7JP9W48J+G9'}",,8742e440dffffff
OPERATIONAL,"{'location': {'lat': 24.9162975, 'lng': 67.13075239999999}, 'viewport': {'northeast': {'lat': 24.9176380302915, 'lng': 67.13209213029151}, 'southwest': {'lat': 24.9149400697085, 'lng': 67.1293941697085}}}",https://maps.gstatic.com/mapfiles/place_api/icons/v1/png_71/cafe-71.png,#FF9E67,https://maps.gstatic.com/mapfiles/place_api/icons/v2/cafe_pinlet,Quetta Masha Allah Hotel,{'open_now': True},"[{'height': 2448, 'html_attributions': ['<a href=""https://maps.google.com/maps/contrib/103663006338831068202"">Dr. Taha Shabbir</a>'], 'photo_reference': 'AUGGfZkba1fM9oMu7buK2ZOoRro1Wb2OvPKjEFbBbDSLXzul836SwQGMAN9n07bf5HGhZIDGKoFjPldh9zxvBWGeQvBHqsMfyixCCFZR1sT1QJa-sx-Py540tpMN4Sgd745os8esSiWhFwJy_LrHmelBl25HegWssmeuDjRm-UetzsQUnciz', 'width': 2448}]",ChIJh1a0x505sz4RkZOQtFLX9AI,ChIJh1a0x505sz4RkZOQtFLX9AI,GOOGLE,"['cafe', 'food', 'point_of_interest', 'establishment']","W48J+G86, Block 12 Block 12 Gulistan-e-Johar, Karachi",3.7,6.0,,,8742e440dffffff
OPERATIONAL,"{'location': {'lat': 24.9279051, 'lng': 67.1392371}, 'viewport': {'northeast': {'lat': 24.9292783302915, 'lng': 67.14049778029151}, 'southwest': {'lat': 24.9265803697085, 'lng': 67.1377998197085}}}",https://maps.gstatic.com/mapfiles/place_api/icons/v1/png_71/cafe-71.png,#FF9E67,https://maps.gstatic.com/mapfiles/place_api/icons/v2/cafe_pinlet,New quetta zam zam peyala hotel,,,ChIJFwDbPAA5sz4RFiBsCi78Nnc,ChIJFwDbPAA5sz4RFiBsCi78Nnc,GOOGLE,"['cafe', 'store', 'food', 'point_of_interest', 'establishment']","W4HQ+5M5, Abul Asar Hafeez Jalandhari Road, Block 10 Mughal Hazara Goth Block 4 Gulistan-e-Johar, Karachi",,,,,8742e440dffffff
